0,1,2,3,4,5,6,7,8,9,10,11,12,13,14,label
940.0,561.0,800.0,0.0,66.0,0.0,48.0,60.0,0.0,0.0,0.0,0.0,0.0,0.0,0.0,0.0
810.0,693.905,280.0,0.0,110.0,0.0,48.0,0.0,62.0,0.0,66.0,0.0,0.0,0.0,0.0,0.0
1030.0,671.0,780.0,0.0,110.0,0.0,0.0,0.0,0.0,0.0,0.0,0.0,0.0,0.0,0.0,0.0
0.0,0.0,0.0,0.0,0.0,0.0,0.0,0.0,0.0,0.0,0.0,0.0,0.0,0.0,0.0,0.0
640.0,451.0,320.0,42.0,88.0,46.0,24.0,0.0,0.0,0.0,0.0,0.0,0.0,0.0,0.0,0.0
0.0,0.0,0.0,0.0,0.0,0.0,0.0,0.0,0.0,0.0,0.0,0.0,0.0,0.0,0.0,0.0
850.0,616.0,480.0,0.0,110.0,0.0,0.0,0.0,31.0,0.0,33.0,0.0,0.0,0.0,0.0,0.0
0.0,0.0,0.0,0.0,0.0,0.0,0.0,0.0,0.0,0.0,0.0,0.0,0.0,0.0,0.0,0.0
0.0,0.0,0.0,0.0,0.0,0.0,0.0,0.0,0.0,0.0,0.0,0.0,0.0,0.0,0.0,0.0
0.0,0.0,0.0,0.0,0.0,0.0,0.0,0.0,0.0,0.0,0.0,0.0,0.0,0.0,0.0,0.0
1180.0,1100.0,340.0,0.0,66.0,0.0,48.0,0.0,62.0,0.0,0.0,0.0,0.0,0.0,0.0,0.0
0.0,0.0,0.0,0.0,0.0,0.0,0.0,0.0,0.0,0.0,0.0,0.0,0.0,0.0,0.0,0.0
0.0,0.0,0.0,0.0,0.0,0.0,0.0,0.0,0.0,0.0,0.0,0.0,0.0,0.0,0.0,0.0
0.0,0.0,0.0,0.0,0.0,0.0,0.0,0.0,0.0,0.0,0.0,0.0,0.0,0.0,0.0,0.0
760.0,517.0,480.0,0.0,66.0,0.0,0.0,0.0,62.0,0.0,66.0,0.0,0.0,0.0,0.0,0.0
0.0,0.0,0.0,0.0,0.0,0.0,0.0,0.0,0.0,0.0,0.0,0.0,0.0,0.0,0.0,0.0
0.0,0.0,0.0,0.0,0.0,0.0,0.0,0.0,0.0,0.0,0.0,0.0,0.0,0.0,0.0,0.0
600.0,396.0,400.0,0.0,88.0,0.0,48.0,0.0,62.0,0.0,0.0,0.0,0.0,0.0,0.0,0.0
750.0,528.0,460.0,0.0,88.0,0.0,0.0,0.0,0.0,0.0,0.0,0.0,0.0,0.0,0.0,0.0
0.0,0.0,0.0,0.0,0.0,0.0,0.0,0.0,0.0,0.0,0.0,0.0,0.0,0.0,0.0,0.0
0.0,0.0,0.0,0.0,0.0,0.0,0.0,0.0,0.0,0.0,0.0,0.0,0.0,0.0,0.0,0.0
430.0,264.0,380.0,0.0,66.0,23.0,0.0,0.0,0.0,0.0,0.0,0.0,0.0,0.0,0.0,0.0
620.0,341.0,500.0,0.0,88.0,0.0,0.0,0.0,62.0,0.0,0.0,0.0,0.0,0.0,0.0,0.0
0.0,0.0,0.0,0.0,0.0,0.0,0.0,0.0,0.0,0.0,0.0,0.0,0.0,0.0,0.0,0.0
0.0,0.0,0.0,0.0,0.0,0.0,0.0,0.0,0.0,0.0,0.0,0.0,0.0,0.0,0.0,0.0
440.0,242.0,400.0,0.0,88.0,0.0,0.0,0.0,62.0,0.0,0.0,0.0,0.0,0.0,0.0,0.0
0.0,0.0,0.0,0.0,0.0,0.0,0.0,0.0,0.0,0.0,0.0,0.0,0.0,0.0,0.0,0.0
260.0,44.0,420.0,0.0,110.0,0.0,0.0,0.0,124.0,64.0,0.0,0.0,0.0,0.0,0.0,0.0
0.0,0.0,0.0,0.0,0.0,0.0,0.0,0.0,0.0,0.0,0.0,0.0,0.0,0.0,0.0,0.0
620.0,440.0,280.0,0.0,44.0,0.0,96.0,0.0,0.0,0.0,66.0,0.0,0.0,0.0,0.0,0.0
0.0,0.0,0.0,0.0,0.0,0.0,0.0,0.0,0.0,0.0,0.0,0.0,0.0,0.0,0.0,0.0
420.0,154.0,440.0,0.0,110.0,0.0,24.0,0.0,124.0,0.0,132.0,0.0,0.0,0.0,0.0,0.0
0.0,0.0,0.0,0.0,0.0,0.0,0.0,0.0,0.0,0.0,0.0,0.0,0.0,0.0,0.0,0.0
640.0,385.0,540.0,0.0,44.0,0.0,48.0,0.0,62.0,0.0,0.0,0.0,0.0,0.0,0.0,0.0
0.0,0.0,0.0,0.0,0.0,0.0,0.0,0.0,0.0,0.0,0.0,0.0,0.0,0.0,0.0,0.0
0.0,0.0,0.0,0.0,0.0,0.0,0.0,0.0,0.0,0.0,0.0,0.0,0.0,0.0,0.0,0.0
800.0,638.0,360.0,0.0,66.0,0.0,96.0,0.0,0.0,0.0,33.0,0.0,0.0,0.0,0.0,0.0
770.0,561.0,440.0,0.0,44.0,0.0,96.0,0.0,0.0,0.0,132.0,0.0,0.0,0.0,0.0,0.0
740.0,495.0,440.0,0.0,22.0,0.0,96.0,180.0,0.0,0.0,0.0,0.0,0.0,0.0,0.0,0.0
0.0,0.0,0.0,0.0,0.0,0.0,0.0,0.0,0.0,0.0,0.0,0.0,0.0,0.0,0.0,0.0
0.0,0.0,0.0,0.0,0.0,0.0,0.0,0.0,0.0,0.0,0.0,0.0,0.0,0.0,0.0,0.0
410.0,242.0,360.0,0.0,66.0,0.0,0.0,0.0,62.0,0.0,0.0,0.0,0.0,0.0,0.0,0.0
590.0,396.0,320.0,0.0,22.0,0.0,96.0,60.0,124.0,0.0,66.0,0.0,0.0,0.0,0.0,0.0
400.0,198.0,120.0,0.0,132.0,0.0,96.0,0.0,124.0,0.0,198.0,0.0,0.0,0.0,0.0,0.0
0.0,0.0,0.0,0.0,0.0,0.0,0.0,0.0,0.0,0.0,0.0,0.0,0.0,0.0,0.0,0.0
590.0,451.0,240.0,0.0,44.0,0.0,144.0,0.0,0.0,0.0,0.0,0.0,0.0,0.0,0.0,0.0
770.0,484.0,580.0,0.0,88.0,0.0,0.0,0.0,0.0,0.0,132.0,0.0,0.0,0.0,0.0,0.0
530.0,286.0,380.0,0.0,88.0,0.0,48.0,0.0,0.0,64.0,0.0,0.0,0.0,0.0,0.0,0.0
0.0,0.0,0.0,0.0,0.0,0.0,0.0,0.0,0.0,0.0,0.0,0.0,0.0,0.0,0.0,0.0
0.0,0.0,0.0,0.0,0.0,0.0,0.0,0.0,0.0,0.0,0.0,0.0,0.0,0.0,0.0,0.0
0.0,0.0,0.0,0.0,0.0,0.0,0.0,0.0,0.0,0.0,0.0,0.0,0.0,0.0,0.0,0.0
810.0,660.0,340.0,0.0,88.0,0.0,48.0,0.0,0.0,0.0,0.0,0.0,0.0,0.0,0.0,0.0
880.0,704.0,380.0,0.0,66.0,0.0,48.0,0.0,62.0,0.0,0.0,0.0,0.0,0.0,0.0,0.0
430.0,44.0,600.0,0.0,110.0,0.0,240.0,0.0,0.0,0.0,0.0,0.0,0.0,0.0,0.0,0.0
1080.0,825.0,800.0,0.0,66.0,0.0,48.0,0.0,0.0,0.0,0.0,0.0,0.0,0.0,0.0,0.0
0.0,0.0,0.0,0.0,0.0,0.0,0.0,0.0,0.0,0.0,0.0,0.0,0.0,0.0,0.0,0.0
0.0,0.0,0.0,0.0,0.0,0.0,0.0,0.0,0.0,0.0,0.0,0.0,0.0,0.0,0.0,0.0
370.0,0.0,580.0,0.0,176.0,0.0,0.0,0.0,0.0,0.0,0.0,0.0,0.0,0.0,0.0,0.0
0.0,0.0,0.0,0.0,0.0,0.0,0.0,0.0,0.0,0.0,0.0,0.0,0.0,0.0,0.0,0.0
570.0,308.0,520.0,42.0,66.0,0.0,0.0,0.0,0.0,0.0,66.0,0.0,0.0,0.0,0.0,0.0
870.0,594.0,600.0,0.0,132.0,0.0,120.0,0.0,0.0,0.0,66.0,0.0,0.0,0.0,0.0,0.0
0.0,0.0,0.0,0.0,0.0,0.0,0.0,0.0,0.0,0.0,0.0,0.0,0.0,0.0,0.0,0.0
660.0,374.0,560.0,0.0,110.0,0.0,48.0,0.0,31.0,0.0,0.0,0.0,0.0,0.0,0.0,0.0
790.0,561.0,420.0,0.0,66.0,0.0,48.0,0.0,62.0,0.0,66.0,0.0,0.0,0.0,0.0,0.0
290.0,0.0,480.0,42.0,110.0,0.0,0.0,0.0,0.0,0.0,0.0,0.0,0.0,0.0,0.0,0.0
0.0,0.0,0.0,0.0,0.0,0.0,0.0,0.0,0.0,0.0,0.0,0.0,0.0,0.0,0.0,0.0
440.0,198.0,520.0,0.0,88.0,0.0,48.0,0.0,0.0,0.0,0.0,0.0,0.0,0.0,0.0,0.0
540.0,319.0,320.0,0.0,110.0,0.0,48.0,60.0,0.0,0.0,0.0,0.0,0.0,0.0,0.0,0.0
0.0,0.0,0.0,0.0,0.0,0.0,0.0,0.0,0.0,0.0,0.0,0.0,0.0,0.0,0.0,0.0
370.0,154.0,380.0,0.0,110.0,23.0,0.0,60.0,62.0,0.0,0.0,0.0,0.0,0.0,0.0,0.0
620.0,374.0,480.0,0.0,88.0,0.0,0.0,0.0,0.0,0.0,66.0,0.0,0.0,0.0,0.0,0.0
0.0,0.0,0.0,0.0,0.0,0.0,0.0,0.0,0.0,0.0,0.0,0.0,0.0,0.0,0.0,0.0
0.0,0.0,0.0,0.0,0.0,0.0,0.0,0.0,0.0,0.0,0.0,0.0,0.0,0.0,0.0,0.0
760.0,528.0,420.0,0.0,110.0,0.0,48.0,0.0,0.0,0.0,0.0,0.0,0.0,0.0,0.0,0.0
630.0,418.0,440.0,0.0,66.0,0.0,0.0,0.0,62.0,0.0,0.0,0.0,0.0,0.0,0.0,0.0
0.0,0.0,0.0,0.0,0.0,0.0,0.0,0.0,0.0,0.0,0.0,0.0,0.0,0.0,0.0,0.0
230.0,22.0,240.0,0.0,198.0,0.0,0.0,0.0,0.0,0.0,0.0,0.0,0.0,0.0,0.0,0.0
0.0,0.0,0.0,0.0,0.0,0.0,0.0,0.0,0.0,0.0,0.0,0.0,0.0,0.0,0.0,0.0
750.0,572.0,380.0,0.0,88.0,0.0,48.0,0.0,0.0,0.0,0.0,0.0,0.0,0.0,0.0,0.0
0.0,0.0,0.0,0.0,0.0,0.0,0.0,0.0,0.0,0.0,0.0,0.0,0.0,0.0,0.0,0.0
820.0,594.0,540.0,0.0,66.0,0.0,96.0,60.0,0.0,0.0,0.0,0.0,0.0,0.0,0.0,0.0
0.0,0.0,0.0,0.0,0.0,0.0,0.0,0.0,0.0,0.0,0.0,0.0,0.0,0.0,0.0,0.0
0.0,0.0,0.0,0.0,0.0,0.0,0.0,0.0,0.0,0.0,0.0,0.0,0.0,0.0,0.0,0.0
690.0,319.0,740.0,0.0,22.0,0.0,48.0,0.0,0.0,0.0,0.0,0.0,0.0,0.0,0.0,0.0
0.0,0.0,0.0,0.0,0.0,0.0,0.0,0.0,0.0,0.0,0.0,0.0,0.0,0.0,0.0,0.0
700.0,396.0,560.0,0.0,44.0,0.0,96.0,0.0,0.0,0.0,0.0,0.0,0.0,0.0,0.0,0.0
0.0,0.0,0.0,0.0,0.0,0.0,0.0,0.0,0.0,0.0,0.0,0.0,0.0,0.0,0.0,0.0
590.0,352.0,480.0,0.0,154.0,0.0,48.0,0.0,0.0,0.0,66.0,0.0,0.0,0.0,0.0,0.0
430.0,220.0,440.0,0.0,66.0,0.0,0.0,0.0,0.0,0.0,0.0,0.0,0.0,0.0,0.0,0.0
0.0,0.0,0.0,0.0,0.0,0.0,0.0,0.0,0.0,0.0,0.0,0.0,0.0,0.0,0.0,0.0
0.0,0.0,0.0,0.0,0.0,0.0,0.0,0.0,0.0,0.0,0.0,0.0,0.0,0.0,0.0,0.0
970.0,572.0,820.0,0.0,88.0,0.0,48.0,0.0,0.0,0.0,0.0,0.0,0.0,0.0,0.0,0.0
0.0,0.0,0.0,0.0,0.0,0.0,0.0,0.0,0.0,0.0,0.0,0.0,0.0,0.0,0.0,0.0
0.0,0.0,0.0,0.0,0.0,0.0,0.0,0.0,0.0,0.0,0.0,0.0,0.0,0.0,0.0,0.0
730.0,550.0,400.0,0.0,66.0,0.0,0.0,0.0,0.0,0.0,0.0,0.0,0.0,0.0,0.0,0.0
0.0,0.0,0.0,0.0,0.0,0.0,0.0,0.0,0.0,0.0,0.0,0.0,0.0,0.0,0.0,0.0
280.0,121.0,280.0,42.0,66.0,0.0,0.0,0.0,0.0,0.0,0.0,0.0,0.0,0.0,0.0,0.0
0.0,0.0,0.0,0.0,0.0,0.0,0.0,0.0,0.0,0.0,0.0,0.0,0.0,0.0,0.0,0.0
0.0,0.0,0.0,0.0,0.0,0.0,0.0,0.0,0.0,0.0,0.0,0.0,0.0,0.0,0.0,0.0
290.0,88.0,360.0,21.0,88.0,0.0,0.0,0.0,0.0,0.0,0.0,0.0,0.0,0.0,0.0,0.0
0.0,0.0,0.0,0.0,0.0,0.0,0.0,0.0,0.0,0.0,0.0,0.0,0.0,0.0,0.0,0.0
500.0,374.0,280.0,0.0,44.0,0.0,0.0,0.0,0.0,0.0,0.0,0.0,0.0,0.0,0.0,0.0
0.0,0.0,0.0,0.0,0.0,0.0,0.0,0.0,0.0,0.0,0.0,0.0,0.0,0.0,0.0,0.0
950.0,759.0,440.0,0.0,66.0,0.0,24.0,60.0,0.0,0.0,0.0,0.0,0.0,0.0,0.0,0.0
320.0,77.0,540.0,0.0,88.0,0.0,0.0,0.0,0.0,0.0,0.0,0.0,0.0,0.0,0.0,0.0
0.0,0.0,0.0,0.0,0.0,0.0,0.0,0.0,0.0,0.0,0.0,0.0,0.0,0.0,0.0,0.0
660.0,330.0,540.0,0.0,110.0,0.0,144.0,0.0,0.0,0.0,66.0,0.0,0.0,0.0,0.0,0.0
610.0,440.0,320.0,0.0,88.0,0.0,24.0,0.0,0.0,0.0,66.0,0.0,0.0,0.0,0.0,0.0
720.0,462.0,400.0,0.0,44.0,0.0,144.0,60.0,0.0,0.0,0.0,0.0,0.0,0.0,0.0,0.0
0.0,0.0,0.0,0.0,0.0,0.0,0.0,0.0,0.0,0.0,0.0,0.0,0.0,0.0,0.0,0.0
370.0,132.0,440.0,0.0,44.0,0.0,192.0,0.0,0.0,0.0,33.0,0.0,0.0,0.0,0.0,0.0
0.0,0.0,0.0,0.0,0.0,0.0,0.0,0.0,0.0,0.0,0.0,0.0,0.0,0.0,0.0,0.0
820.0,506.0,580.0,0.0,110.0,0.0,0.0,60.0,0.0,0.0,0.0,0.0,0.0,0.0,0.0,0.0
0.0,0.0,0.0,0.0,0.0,0.0,0.0,0.0,0.0,0.0,0.0,0.0,0.0,0.0,0.0,0.0
890.0,616.0,520.0,0.0,110.0,0.0,96.0,0.0,62.0,0.0,132.0,0.0,0.0,0.0,0.0,0.0
0.0,0.0,0.0,0.0,0.0,0.0,0.0,0.0,0.0,0.0,0.0,0.0,0.0,0.0,0.0,0.0
510.0,330.0,380.0,0.0,110.0,0.0,0.0,30.0,0.0,0.0,0.0,0.0,0.0,0.0,0.0,0.0
650.0,418.0,420.0,0.0,44.0,0.0,0.0,60.0,62.0,0.0,132.0,0.0,0.0,0.0,0.0,0.0
0.0,0.0,0.0,0.0,0.0,0.0,0.0,0.0,0.0,0.0,0.0,0.0,0.0,0.0,0.0,0.0
0.0,0.0,0.0,0.0,0.0,0.0,0.0,0.0,0.0,0.0,0.0,0.0,0.0,0.0,0.0,0.0
0.0,0.0,0.0,0.0,0.0,0.0,0.0,0.0,0.0,0.0,0.0,0.0,0.0,0.0,0.0,0.0
340.0,198.0,240.0,0.0,44.0,0.0,0.0,60.0,0.0,0.0,0.0,0.0,0.0,0.0,0.0,0.0
0.0,0.0,0.0,0.0,0.0,0.0,0.0,0.0,0.0,0.0,0.0,0.0,0.0,0.0,0.0,0.0
0.0,0.0,0.0,0.0,0.0,0.0,0.0,0.0,0.0,0.0,0.0,0.0,0.0,0.0,0.0,0.0
0.0,0.0,0.0,0.0,0.0,0.0,0.0,0.0,0.0,0.0,0.0,0.0,0.0,0.0,0.0,0.0
520.0,319.0,340.0,0.0,88.0,0.0,48.0,0.0,0.0,0.0,66.0,0.0,0.0,0.0,0.0,0.0
0.0,0.0,0.0,0.0,0.0,0.0,0.0,0.0,0.0,0.0,0.0,0.0,0.0,0.0,0.0,0.0
340.0,253.0,160.0,0.0,66.0,0.0,0.0,0.0,0.0,0.0,0.0,0.0,0.0,0.0,0.0,0.0
0.0,0.0,0.0,0.0,0.0,0.0,0.0,0.0,0.0,0.0,0.0,0.0,0.0,0.0,0.0,0.0
1290.0,1045.0,560.0,0.0,132.0,0.0,96.0,0.0,0.0,0.0,0.0,0.0,0.0,0.0,0.0,0.0
0.0,0.0,0.0,0.0,0.0,0.0,0.0,0.0,0.0,0.0,0.0,0.0,0.0,0.0,0.0,0.0
490.0,264.0,420.0,0.0,132.0,0.0,0.0,0.0,0.0,0.0,0.0,0.0,0.0,0.0,0.0,0.0
490.0,231.0,480.0,0.0,44.0,0.0,0.0,60.0,62.0,0.0,0.0,0.0,0.0,0.0,0.0,0.0
0.0,0.0,0.0,0.0,0.0,0.0,0.0,0.0,0.0,0.0,0.0,0.0,0.0,0.0,0.0,0.0
680.0,418.0,600.0,0.0,44.0,0.0,0.0,0.0,0.0,0.0,0.0,0.0,0.0,0.0,0.0,0.0
0.0,0.0,0.0,0.0,0.0,0.0,0.0,0.0,0.0,0.0,0.0,0.0,0.0,0.0,0.0,0.0
0.0,0.0,0.0,0.0,0.0,0.0,0.0,0.0,0.0,0.0,0.0,0.0,0.0,0.0,0.0,0.0
1020.0,715.0,620.0,42.0,88.0,0.0,96.0,0.0,0.0,0.0,66.0,0.0,0.0,0.0,0.0,0.0
0.0,0.0,0.0,0.0,0.0,0.0,0.0,0.0,0.0,0.0,0.0,0.0,0.0,0.0,0.0,0.0
530.0,330.0,460.0,0.0,88.0,0.0,0.0,0.0,0.0,0.0,0.0,0.0,0.0,0.0,0.0,0.0
0.0,0.0,0.0,0.0,0.0,0.0,0.0,0.0,0.0,0.0,0.0,0.0,0.0,0.0,0.0,0.0
690.0,550.0,320.0,0.0,66.0,0.0,0.0,0.0,62.0,0.0,0.0,0.0,0.0,0.0,0.0,0.0
710.0,495.0,480.0,0.0,44.0,0.0,0.0,0.0,0.0,0.0,0.0,0.0,0.0,0.0,0.0,0.0
0.0,0.0,0.0,0.0,0.0,0.0,0.0,0.0,0.0,0.0,0.0,0.0,0.0,0.0,0.0,0.0
0.0,0.0,0.0,0.0,0.0,0.0,0.0,0.0,0.0,0.0,0.0,0.0,0.0,0.0,0.0,0.0
330.0,0.0,600.0,0.0,22.0,0.0,0.0,0.0,186.0,0.0,66.0,0.0,0.0,84.0,0.0,0.0
480.0,264.0,360.0,0.0,88.0,0.0,96.0,0.0,62.0,0.0,0.0,0.0,0.0,0.0,0.0,0.0
560.0,374.0,500.0,0.0,66.0,0.0,0.0,0.0,124.0,0.0,0.0,0.0,0.0,0.0,0.0,0.0
310.0,110.0,360.0,0.0,88.0,0.0,24.0,0.0,0.0,0.0,66.0,0.0,0.0,0.0,0.0,0.0
0.0,0.0,0.0,0.0,0.0,0.0,0.0,0.0,0.0,0.0,0.0,0.0,0.0,0.0,0.0,0.0
670.0,374.0,600.0,0.0,66.0,0.0,0.0,0.0,0.0,0.0,66.0,0.0,0.0,0.0,0.0,0.0
670.0,462.0,420.0,0.0,44.0,0.0,48.0,0.0,0.0,0.0,0.0,0.0,0.0,0.0,0.0,0.0
800.0,693.0,320.0,0.0,22.0,0.0,0.0,0.0,62.0,0.0,0.0,0.0,0.0,0.0,0.0,0.0
0.0,0.0,0.0,0.0,0.0,0.0,0.0,0.0,0.0,0.0,0.0,0.0,0.0,0.0,0.0,0.0
900.0,605.0,680.0,0.0,110.0,0.0,0.0,0.0,0.0,0.0,0.0,0.0,0.0,0.0,0.0,0.0
0.0,0.0,0.0,0.0,0.0,0.0,0.0,0.0,0.0,0.0,0.0,0.0,0.0,0.0,0.0,0.0
0.0,0.0,0.0,0.0,0.0,0.0,0.0,0.0,0.0,0.0,0.0,0.0,0.0,0.0,0.0,0.0
910.0,715.0,400.0,42.0,132.0,0.0,48.0,0.0,0.0,0.0,66.0,0.0,0.0,0.0,0.0,0.0
530.589,253.0,480.0,0.0,66.0,0.0,0.0,0.0,62.0,0.0,0.0,0.0,0.0,0.0,0.0,0.0
0.0,0.0,0.0,0.0,0.0,0.0,0.0,0.0,0.0,0.0,0.0,0.0,0.0,0.0,0.0,0.0
0.0,0.0,0.0,0.0,0.0,0.0,0.0,0.0,0.0,0.0,0.0,0.0,0.0,0.0,0.0,0.0
460.0,242.0,400.0,0.0,44.0,0.0,0.0,0.0,62.0,0.0,0.0,0.0,0.0,0.0,0.0,0.0
0.0,0.0,0.0,0.0,0.0,0.0,0.0,0.0,0.0,0.0,0.0,0.0,0.0,0.0,0.0,0.0
640.0,352.0,480.0,0.0,88.0,0.0,0.0,0.0,0.0,0.0,132.0,0.0,0.0,0.0,0.0,0.0
0.0,0.0,0.0,0.0,0.0,0.0,0.0,0.0,0.0,0.0,0.0,0.0,0.0,0.0,0.0,0.0
800.0,528.0,520.0,0.0,88.0,0.0,0.0,0.0,62.0,0.0,0.0,0.0,0.0,0.0,0.0,0.0
630.0,484.0,240.0,0.0,66.0,0.0,48.0,60.0,0.0,0.0,0.0,0.0,0.0,0.0,0.0,0.0
0.0,0.0,0.0,0.0,0.0,0.0,0.0,0.0,0.0,0.0,0.0,0.0,0.0,0.0,0.0,0.0
0.0,0.0,0.0,0.0,0.0,0.0,0.0,0.0,0.0,0.0,0.0,0.0,0.0,0.0,0.0,0.0
0.0,0.0,0.0,0.0,0.0,0.0,0.0,0.0,0.0,0.0,0.0,0.0,0.0,0.0,0.0,0.0
660.0,418.0,480.0,0.0,88.0,0.0,0.0,60.0,62.0,0.0,0.0,0.0,0.0,0.0,0.0,0.0
0.0,0.0,0.0,0.0,0.0,0.0,0.0,0.0,0.0,0.0,0.0,0.0,0.0,0.0,0.0,0.0
710.0,440.0,460.0,0.0,44.0,0.0,96.0,0.0,124.0,0.0,0.0,0.0,0.0,0.0,0.0,0.0
640.0,385.518,520.0,0.0,132.0,0.0,0.0,0.0,0.0,0.0,0.0,0.0,0.0,0.0,0.0,0.0
0.0,0.0,0.0,0.0,0.0,0.0,0.0,0.0,0.0,0.0,0.0,0.0,0.0,0.0,0.0,0.0
290.0,55.0,480.0,0.0,88.0,46.0,0.0,0.0,0.0,0.0,0.0,0.0,0.0,0.0,0.0,0.0
620.0,396.0,480.0,0.0,66.0,0.0,72.0,0.0,0.0,0.0,0.0,0.0,0.0,0.0,0.0,0.0
0.0,0.0,0.0,0.0,0.0,0.0,0.0,0.0,0.0,0.0,0.0,0.0,0.0,0.0,0.0,0.0
0.0,0.0,0.0,0.0,0.0,0.0,0.0,0.0,0.0,0.0,0.0,0.0,0.0,0.0,0.0,0.0
390.0,198.0,320.0,0.0,66.0,0.0,48.0,0.0,62.0,0.0,66.0,0.0,0.0,0.0,0.0,0.0
0.0,0.0,0.0,0.0,0.0,0.0,0.0,0.0,0.0,0.0,0.0,0.0,0.0,0.0,0.0,0.0
0.0,0.0,0.0,0.0,0.0,0.0,0.0,0.0,0.0,0.0,0.0,0.0,0.0,0.0,0.0,0.0
610.0,473.0,380.0,0.0,44.0,0.0,0.0,0.0,0.0,0.0,33.0,0.0,0.0,0.0,0.0,0.0
780.0,451.0,580.0,0.0,88.0,0.0,0.0,0.0,124.0,0.0,0.0,0.0,0.0,0.0,0.0,0.0
0.0,0.0,0.0,0.0,0.0,0.0,0.0,0.0,0.0,0.0,0.0,0.0,0.0,0.0,0.0,0.0
0.0,0.0,0.0,0.0,0.0,0.0,0.0,0.0,0.0,0.0,0.0,0.0,0.0,0.0,0.0,0.0
450.0,308.0,280.0,0.0,66.0,0.0,0.0,0.0,0.0,0.0,0.0,0.0,0.0,0.0,0.0,0.0
0.0,0.0,0.0,0.0,0.0,0.0,0.0,0.0,0.0,0.0,0.0,0.0,0.0,0.0,0.0,0.0
0.0,0.0,0.0,0.0,0.0,0.0,0.0,0.0,0.0,0.0,0.0,0.0,0.0,0.0,0.0,0.0
380.0,132.0,480.0,0.0,22.0,0.0,0.0,0.0,0.0,0.0,33.0,0.0,0.0,0.0,0.0,0.0
0.0,0.0,0.0,0.0,0.0,0.0,0.0,0.0,0.0,0.0,0.0,0.0,0.0,0.0,0.0,0.0
720.0,484.0,480.0,0.0,88.0,0.0,0.0,0.0,0.0,0.0,0.0,0.0,0.0,0.0,0.0,0.0
0.0,0.0,0.0,0.0,0.0,0.0,0.0,0.0,0.0,0.0,0.0,0.0,0.0,0.0,0.0,0.0
0.0,0.0,0.0,0.0,0.0,0.0,0.0,0.0,0.0,0.0,0.0,0.0,0.0,0.0,0.0,0.0
220.20401,22.0,260.0,0.0,110.0,46.0,0.0,0.0,0.0,0.0,33.0,0.0,0.0,84.0,0.0,0.0
540.0,363.299,400.0,0.0,44.0,0.0,0.0,0.0,0.0,0.0,0.0,0.0,0.0,0.0,0.0,0.0
840.0,638.0,440.0,0.0,88.0,0.0,0.0,0.0,0.0,0.0,66.0,0.0,0.0,0.0,0.0,0.0
0.0,0.0,0.0,0.0,0.0,0.0,0.0,0.0,0.0,0.0,0.0,0.0,0.0,0.0,0.0,0.0
0.0,0.0,0.0,0.0,0.0,0.0,0.0,0.0,0.0,0.0,0.0,0.0,0.0,0.0,0.0,0.0
0.0,0.0,0.0,0.0,0.0,0.0,0.0,0.0,0.0,0.0,0.0,0.0,0.0,0.0,0.0,0.0
730.0,550.0,420.0,0.0,44.0,0.0,144.0,0.0,62.0,0.0,0.0,0.0,0.0,0.0,0.0,0.0
0.0,0.0,0.0,0.0,0.0,0.0,0.0,0.0,0.0,0.0,0.0,0.0,0.0,0.0,0.0,0.0
0.0,0.0,0.0,0.0,0.0,0.0,0.0,0.0,0.0,0.0,0.0,0.0,0.0,0.0,0.0,0.0
780.0,605.0,520.0,0.0,66.0,0.0,0.0,0.0,62.0,0.0,0.0,0.0,0.0,0.0,0.0,0.0
0.0,0.0,0.0,0.0,0.0,0.0,0.0,0.0,0.0,0.0,0.0,0.0,0.0,0.0,0.0,0.0
440.0,198.0,440.0,0.0,88.0,0.0,0.0,0.0,0.0,0.0,0.0,0.0,0.0,0.0,0.0,0.0
0.0,0.0,0.0,0.0,0.0,0.0,0.0,0.0,0.0,0.0,0.0,0.0,0.0,0.0,0.0,0.0
0.0,0.0,0.0,0.0,0.0,0.0,0.0,0.0,0.0,0.0,0.0,0.0,0.0,0.0,0.0,0.0
290.0,11.0,460.0,0.0,66.0,0.0,0.0,60.0,62.0,0.0,132.0,0.0,0.0,84.0,0.0,0.0
650.0,484.0,360.0,0.0,66.0,0.0,48.0,0.0,0.0,0.0,0.0,0.0,0.0,0.0,0.0,0.0
0.0,0.0,0.0,0.0,0.0,0.0,0.0,0.0,0.0,0.0,0.0,0.0,0.0,0.0,0.0,0.0
0.0,0.0,0.0,0.0,0.0,0.0,0.0,0.0,0.0,0.0,0.0,0.0,0.0,0.0,0.0,0.0
910.0,792.0,280.0,84.0,66.0,0.0,0.0,0.0,62.0,0.0,0.0,0.0,0.0,0.0,0.0,0.0
410.0,132.0,440.0,42.0,132.0,0.0,0.0,30.0,0.0,0.0,0.0,0.0,0.0,0.0,0.0,0.0
0.0,0.0,0.0,0.0,0.0,0.0,0.0,0.0,0.0,0.0,0.0,0.0,0.0,0.0,0.0,0.0
320.0,88.0,380.0,0.0,66.0,0.0,96.0,0.0,0.0,0.0,0.0,0.0,0.0,0.0,0.0,0.0
580.0,319.0,500.0,0.0,88.0,0.0,48.0,0.0,0.0,0.0,66.0,0.0,0.0,0.0,0.0,0.0
0.0,0.0,0.0,0.0,0.0,0.0,0.0,0.0,0.0,0.0,0.0,0.0,0.0,0.0,0.0,0.0
460.8,308.0,280.0,0.0,110.0,0.0,0.0,0.0,62.0,0.0,0.0,0.0,0.0,0.0,0.0,0.0
0.0,0.0,0.0,0.0,0.0,0.0,0.0,0.0,0.0,0.0,0.0,0.0,0.0,0.0,0.0,0.0
0.0,0.0,0.0,0.0,0.0,0.0,0.0,0.0,0.0,0.0,0.0,0.0,0.0,0.0,0.0,0.0
0.0,0.0,0.0,0.0,0.0,0.0,0.0,0.0,0.0,0.0,0.0,0.0,0.0,0.0,0.0,0.0
0.0,0.0,0.0,0.0,0.0,0.0,0.0,0.0,0.0,0.0,0.0,0.0,0.0,0.0,0.0,0.0
550.0,297.0,420.0,0.0,66.0,0.0,48.0,0.0,62.0,0.0,66.0,0.0,0.0,0.0,0.0,0.0
0.0,0.0,0.0,0.0,0.0,0.0,0.0,0.0,0.0,0.0,0.0,0.0,0.0,0.0,0.0,0.0
600.0,374.0,480.0,0.0,22.0,0.0,168.0,0.0,62.0,0.0,0.0,0.0,0.0,0.0,0.0,0.0
0.0,0.0,0.0,0.0,0.0,0.0,0.0,0.0,0.0,0.0,0.0,0.0,0.0,0.0,0.0,0.0
300.0,44.0,380.0,0.0,110.0,23.0,0.0,0.0,217.0,0.0,66.0,0.0,0.0,0.0,0.0,0.0
0.0,0.0,0.0,0.0,0.0,0.0,0.0,0.0,0.0,0.0,0.0,0.0,0.0,0.0,0.0,0.0
460.0,264.0,400.0,0.0,88.0,0.0,0.0,0.0,62.0,0.0,0.0,0.0,0.0,0.0,0.0,0.0
720.0,495.0,440.0,0.0,22.0,0.0,0.0,0.0,62.0,0.0,0.0,80.0,0.0,0.0,0.0,0.0
0.0,0.0,0.0,0.0,0.0,0.0,0.0,0.0,0.0,0.0,0.0,0.0,0.0,0.0,0.0,0.0
480.0,308.0,320.0,0.0,88.0,0.0,24.0,0.0,124.0,0.0,33.0,0.0,0.0,0.0,0.0,0.0
0.0,0.0,0.0,0.0,0.0,0.0,0.0,0.0,0.0,0.0,0.0,0.0,0.0,0.0,0.0,0.0
660.0,473.0,400.0,0.0,66.0,0.0,48.0,0.0,0.0,0.0,0.0,160.0,0.0,0.0,0.0,0.0
0.0,0.0,0.0,0.0,0.0,0.0,0.0,0.0,0.0,0.0,0.0,0.0,0.0,0.0,0.0,0.0
0.0,0.0,0.0,0.0,0.0,0.0,0.0,0.0,0.0,0.0,0.0,0.0,0.0,0.0,0.0,0.0
720.0,352.0,660.0,0.0,66.0,0.0,192.0,0.0,62.0,0.0,0.0,0.0,0.0,0.0,0.0,0.0
430.0,198.0,320.0,0.0,132.0,0.0,24.0,0.0,0.0,0.0,0.0,80.0,0.0,0.0,0.0,0.0
0.0,0.0,0.0,0.0,0.0,0.0,0.0,0.0,0.0,0.0,0.0,0.0,0.0,0.0,0.0,0.0
0.0,0.0,0.0,0.0,0.0,0.0,0.0,0.0,0.0,0.0,0.0,0.0,0.0,0.0,0.0,0.0
380.41998,66.0,500.0,0.0,88.0,0.0,48.0,0.0,62.0,0.0,0.0,0.0,0.0,0.0,0.0,0.0
700.0,396.0,580.0,0.0,66.0,0.0,0.0,60.0,0.0,0.0,0.0,0.0,0.0,0.0,0.0,0.0
0.0,0.0,0.0,0.0,0.0,0.0,0.0,0.0,0.0,0.0,0.0,0.0,0.0,0.0,0.0,0.0
820.0,550.0,560.0,0.0,44.0,0.0,48.0,0.0,62.0,0.0,0.0,0.0,0.0,0.0,0.0,0.0
0.0,0.0,0.0,0.0,0.0,0.0,0.0,0.0,0.0,0.0,0.0,0.0,0.0,0.0,0.0,0.0
310.0,11.0,380.0,0.0,198.0,46.0,0.0,0.0,0.0,0.0,0.0,0.0,0.0,84.0,0.0,0.0
0.0,0.0,0.0,0.0,0.0,0.0,0.0,0.0,0.0,0.0,0.0,0.0,0.0,0.0,0.0,0.0
0.0,0.0,0.0,0.0,0.0,0.0,0.0,0.0,0.0,0.0,0.0,0.0,0.0,0.0,0.0,0.0
480.0,330.0,220.0,0.0,88.0,0.0,96.0,0.0,0.0,0.0,0.0,40.0,0.0,0.0,0.0,0.0
0.0,0.0,0.0,0.0,0.0,0.0,0.0,0.0,0.0,0.0,0.0,0.0,0.0,0.0,0.0,0.0
0.0,0.0,0.0,0.0,0.0,0.0,0.0,0.0,0.0,0.0,0.0,0.0,0.0,0.0,0.0,0.0
680.0,495.0,380.0,0.0,44.0,0.0,96.0,0.0,0.0,0.0,0.0,0.0,0.0,0.0,0.0,0.0
0.0,0.0,0.0,0.0,0.0,0.0,0.0,0.0,0.0,0.0,0.0,0.0,0.0,0.0,0.0,0.0
960.0,704.0,580.0,0.0,110.0,0.0,0.0,0.0,0.0,0.0,0.0,0.0,0.0,0.0,0.0,0.0
0.0,0.0,0.0,0.0,0.0,0.0,0.0,0.0,0.0,0.0,0.0,0.0,0.0,0.0,0.0,0.0
840.0,594.0,440.0,0.0,154.0,0.0,0.0,0.0,31.0,0.0,66.0,0.0,0.0,0.0,0.0,0.0
0.0,0.0,0.0,0.0,0.0,0.0,0.0,0.0,0.0,0.0,0.0,0.0,0.0,0.0,0.0,0.0
0.0,0.0,0.0,0.0,0.0,0.0,0.0,0.0,0.0,0.0,0.0,0.0,0.0,0.0,0.0,0.0
530.0,341.0,320.0,0.0,88.0,0.0,0.0,60.0,0.0,0.0,0.0,0.0,0.0,0.0,0.0,0.0
0.0,0.0,0.0,0.0,0.0,0.0,0.0,0.0,0.0,0.0,0.0,0.0,0.0,0.0,0.0,0.0
0.0,0.0,0.0,0.0,0.0,0.0,0.0,0.0,0.0,0.0,0.0,0.0,0.0,0.0,0.0,0.0
590.0,352.0,480.0,0.0,66.0,0.0,48.0,0.0,0.0,0.0,0.0,0.0,0.0,0.0,0.0,0.0
1230.0,1067.0,580.0,0.0,66.0,0.0,0.0,0.0,0.0,0.0,0.0,0.0,0.0,0.0,0.0,0.0
640.0,374.0,540.0,0.0,110.0,0.0,0.0,0.0,62.0,0.0,0.0,0.0,0.0,0.0,0.0,0.0
950.0,594.0,760.0,0.0,44.0,23.0,48.0,0.0,62.0,0.0,0.0,0.0,0.0,0.0,0.0,0.0
490.0,253.0,400.0,0.0,88.0,0.0,0.0,0.0,62.0,0.0,66.0,0.0,0.0,0.0,0.0,0.0
0.0,0.0,0.0,0.0,0.0,0.0,0.0,0.0,0.0,0.0,0.0,0.0,0.0,0.0,0.0,0.0
0.0,0.0,0.0,0.0,0.0,0.0,0.0,0.0,0.0,0.0,0.0,0.0,0.0,0.0,0.0,0.0
0.0,0.0,0.0,0.0,0.0,0.0,0.0,0.0,0.0,0.0,0.0,0.0,0.0,0.0,0.0,0.0
410.0,209.0,420.0,0.0,66.0,0.0,0.0,0.0,0.0,0.0,0.0,0.0,0.0,0.0,0.0,0.0
0.0,0.0,0.0,0.0,0.0,0.0,0.0,0.0,0.0,0.0,0.0,0.0,0.0,0.0,0.0,0.0
680.0,385.0,600.0,0.0,110.0,0.0,0.0,0.0,0.0,0.0,0.0,0.0,0.0,0.0,0.0,0.0
0.0,0.0,0.0,0.0,0.0,0.0,0.0,0.0,0.0,0.0,0.0,0.0,0.0,0.0,0.0,0.0
0.0,0.0,0.0,0.0,0.0,0.0,0.0,0.0,0.0,0.0,0.0,0.0,0.0,0.0,0.0,0.0
0.0,0.0,0.0,0.0,0.0,0.0,0.0,0.0,0.0,0.0,0.0,0.0,0.0,0.0,0.0,0.0
0.0,0.0,0.0,0.0,0.0,0.0,0.0,0.0,0.0,0.0,0.0,0.0,0.0,0.0,0.0,0.0
820.0,627.0,480.0,0.0,88.0,0.0,72.0,0.0,0.0,0.0,0.0,0.0,0.0,0.0,0.0,0.0
0.0,0.0,0.0,0.0,0.0,0.0,0.0,0.0,0.0,0.0,0.0,0.0,0.0,0.0,0.0,0.0
960.0,836.0,320.0,0.0,44.0,0.0,48.0,0.0,0.0,0.0,66.0,0.0,0.0,0.0,0.0,0.0
710.0,462.0,460.0,0.0,88.0,0.0,48.0,0.0,0.0,0.0,0.0,0.0,0.0,0.0,0.0,0.0
0.0,0.0,0.0,0.0,0.0,0.0,0.0,0.0,0.0,0.0,0.0,0.0,0.0,0.0,0.0,0.0
0.0,0.0,0.0,0.0,0.0,0.0,0.0,0.0,0.0,0.0,0.0,0.0,0.0,0.0,0.0,0.0
550.0,319.0,500.0,0.0,66.0,0.0,0.0,0.0,0.0,0.0,0.0,0.0,0.0,0.0,0.0,0.0
270.0,143.695,400.0,0.0,66.0,0.0,0.0,0.0,0.0,0.0,66.0,0.0,0.0,0.0,0.0,0.0
790.0,638.0,320.0,0.0,66.0,0.0,96.0,0.0,62.0,0.0,0.0,0.0,0.0,0.0,0.0,0.0
0.0,0.0,0.0,0.0,0.0,0.0,0.0,0.0,0.0,0.0,0.0,0.0,0.0,0.0,0.0,0.0
0.0,0.0,0.0,0.0,0.0,0.0,0.0,0.0,0.0,0.0,0.0,0.0,0.0,0.0,0.0,0.0
0.0,0.0,0.0,0.0,0.0,0.0,0.0,0.0,0.0,0.0,0.0,0.0,0.0,0.0,0.0,0.0
0.0,0.0,0.0,0.0,0.0,0.0,0.0,0.0,0.0,0.0,0.0,0.0,0.0,0.0,0.0,0.0
0.0,0.0,0.0,0.0,0.0,0.0,0.0,0.0,0.0,0.0,0.0,0.0,0.0,0.0,0.0,0.0
300.0,121.269,320.0,0.0,88.0,0.0,96.0,60.0,0.0,0.0,0.0,0.0,0.0,0.0,0.0,0.0
0.0,0.0,0.0,0.0,0.0,0.0,0.0,0.0,0.0,0.0,0.0,0.0,0.0,0.0,0.0,0.0
0.0,0.0,0.0,0.0,0.0,0.0,0.0,0.0,0.0,0.0,0.0,0.0,0.0,0.0,0.0,0.0
660.0,462.0,400.0,0.0,22.0,0.0,144.0,0.0,31.0,64.0,0.0,0.0,0.0,0.0,0.0,0.0
0.0,0.0,0.0,0.0,0.0,0.0,0.0,0.0,0.0,0.0,0.0,0.0,0.0,0.0,0.0,0.0
0.0,0.0,0.0,0.0,0.0,0.0,0.0,0.0,0.0,0.0,0.0,0.0,0.0,0.0,0.0,0.0
250.0,0.0,280.0,42.0,154.0,23.0,48.0,0.0,31.0,0.0,0.0,0.0,0.0,0.0,0.0,0.0
0.0,0.0,0.0,0.0,0.0,0.0,0.0,0.0,0.0,0.0,0.0,0.0,0.0,0.0,0.0,0.0
530.0,253.0,460.0,0.0,66.0,0.0,0.0,60.0,0.0,0.0,198.0,0.0,0.0,0.0,0.0,0.0
0.0,0.0,0.0,0.0,0.0,0.0,0.0,0.0,0.0,0.0,0.0,0.0,0.0,0.0,0.0,0.0
220.0,88.0,340.0,0.0,110.0,0.0,0.0,60.0,62.0,0.0,0.0,80.0,0.0,0.0,0.0,0.0
550.0,330.0,380.0,0.0,88.0,0.0,0.0,0.0,0.0,0.0,66.0,0.0,0.0,0.0,0.0,0.0
0.0,0.0,0.0,0.0,0.0,0.0,0.0,0.0,0.0,0.0,0.0,0.0,0.0,0.0,0.0,0.0
240.0,0.0,340.0,0.0,88.0,23.0,0.0,60.0,0.0,0.0,0.0,0.0,0.0,0.0,0.0,0.0
810.0,550.0,520.0,0.0,66.0,0.0,48.0,60.0,0.0,0.0,0.0,80.0,0.0,0.0,0.0,0.0
0.0,0.0,0.0,0.0,0.0,0.0,0.0,0.0,0.0,0.0,0.0,0.0,0.0,0.0,0.0,0.0
1020.0,759.0,620.0,0.0,88.0,0.0,0.0,0.0,0.0,0.0,0.0,0.0,0.0,0.0,0.0,0.0
290.0,99.0,320.0,42.0,88.0,0.0,0.0,0.0,0.0,0.0,0.0,0.0,0.0,0.0,0.0,0.0
0.0,0.0,0.0,0.0,0.0,0.0,0.0,0.0,0.0,0.0,0.0,0.0,0.0,0.0,0.0,0.0
940.0,649.0,640.0,0.0,110.0,0.0,96.0,0.0,0.0,0.0,66.0,0.0,0.0,0.0,0.0,0.0
0.0,0.0,0.0,0.0,0.0,0.0,0.0,0.0,0.0,0.0,0.0,0.0,0.0,0.0,0.0,0.0
500.0,154.0,720.0,0.0,110.0,0.0,0.0,0.0,124.0,0.0,33.0,0.0,0.0,0.0,0.0,0.0
0.0,0.0,0.0,0.0,0.0,0.0,0.0,0.0,0.0,0.0,0.0,0.0,0.0,0.0,0.0,0.0
310.0,66.0,280.0,0.0,110.0,0.0,48.0,120.0,124.0,0.0,0.0,240.0,0.0,0.0,0.0,0.0
540.0,330.0,440.0,0.0,88.0,0.0,0.0,0.0,0.0,0.0,0.0,0.0,0.0,0.0,0.0,0.0
370.0,275.0,160.0,0.0,44.0,0.0,48.0,0.0,62.0,0.0,0.0,80.0,0.0,0.0,0.0,0.0
0.0,0.0,0.0,0.0,0.0,0.0,0.0,0.0,0.0,0.0,0.0,0.0,0.0,0.0,0.0,0.0
460.0,275.0,360.0,0.0,66.0,0.0,0.0,60.0,62.0,0.0,0.0,0.0,0.0,0.0,0.0,0.0
0.0,0.0,0.0,0.0,0.0,0.0,0.0,0.0,0.0,0.0,0.0,0.0,0.0,0.0,0.0,0.0
620.0,440.0,360.0,0.0,88.0,0.0,0.0,0.0,0.0,0.0,66.0,0.0,0.0,0.0,0.0,0.0
0.0,0.0,0.0,0.0,0.0,0.0,0.0,0.0,0.0,0.0,0.0,0.0,0.0,0.0,0.0,0.0
580.0,374.0,420.0,0.0,66.0,23.0,0.0,0.0,0.0,0.0,33.0,0.0,0.0,0.0,0.0,0.0
920.0,671.0,440.0,0.0,110.0,0.0,48.0,0.0,0.0,0.0,66.0,0.0,0.0,0.0,0.0,0.0
0.0,0.0,0.0,0.0,0.0,0.0,0.0,0.0,0.0,0.0,0.0,0.0,0.0,0.0,0.0,0.0
580.0,396.0,400.0,0.0,44.0,0.0,0.0,0.0,62.0,0.0,0.0,0.0,0.0,0.0,0.0,0.0
0.0,0.0,0.0,0.0,0.0,0.0,0.0,0.0,0.0,0.0,0.0,0.0,0.0,0.0,0.0,0.0
610.0,308.0,560.0,84.0,66.0,0.0,0.0,0.0,0.0,0.0,0.0,0.0,0.0,0.0,0.0,0.0
680.0,451.0,460.0,0.0,88.0,0.0,48.0,0.0,0.0,0.0,0.0,0.0,0.0,0.0,0.0,0.0
0.0,0.0,0.0,0.0,0.0,0.0,0.0,0.0,0.0,0.0,0.0,0.0,0.0,0.0,0.0,0.0
970.0,880.905,320.0,0.0,88.0,0.0,48.0,0.0,62.0,0.0,0.0,0.0,0.0,0.0,0.0,0.0
670.0,429.0,400.0,42.0,44.0,0.0,96.0,60.0,0.0,0.0,0.0,0.0,0.0,0.0,0.0,0.0
0.0,0.0,0.0,0.0,0.0,0.0,0.0,0.0,0.0,0.0,0.0,0.0,0.0,0.0,0.0,0.0
0.0,0.0,0.0,0.0,0.0,0.0,0.0,0.0,0.0,0.0,0.0,0.0,0.0,0.0,0.0,0.0
0.0,0.0,0.0,0.0,0.0,0.0,0.0,0.0,0.0,0.0,0.0,0.0,0.0,0.0,0.0,0.0
840.0,528.0,560.0,0.0,154.0,0.0,0.0,30.0,0.0,0.0,132.0,0.0,0.0,0.0,0.0,0.0
0.0,0.0,0.0,0.0,0.0,0.0,0.0,0.0,0.0,0.0,0.0,0.0,0.0,0.0,0.0,0.0
0.0,0.0,0.0,0.0,0.0,0.0,0.0,0.0,0.0,0.0,0.0,0.0,0.0,0.0,0.0,0.0
840.0,572.0,580.0,0.0,66.0,0.0,0.0,0.0,0.0,0.0,0.0,0.0,0.0,0.0,0.0,0.0
370.0,187.0,300.0,0.0,66.0,0.0,0.0,60.0,62.0,0.0,0.0,0.0,0.0,0.0,0.0,0.0
0.0,0.0,0.0,0.0,0.0,0.0,0.0,0.0,0.0,0.0,0.0,0.0,0.0,0.0,0.0,0.0
520.0,198.0,560.0,0.0,132.0,0.0,0.0,0.0,0.0,0.0,0.0,0.0,0.0,0.0,0.0,0.0
0.0,0.0,0.0,0.0,0.0,0.0,0.0,0.0,0.0,0.0,0.0,0.0,0.0,0.0,0.0,0.0
0.0,0.0,0.0,0.0,0.0,0.0,0.0,0.0,0.0,0.0,0.0,0.0,0.0,0.0,0.0,0.0
640.0,374.0,600.0,0.0,88.0,0.0,0.0,0.0,0.0,0.0,0.0,0.0,0.0,0.0,0.0,0.0
0.0,0.0,0.0,0.0,0.0,0.0,0.0,0.0,0.0,0.0,0.0,0.0,0.0,0.0,0.0,0.0
360.0,110.0,440.0,0.0,88.0,0.0,0.0,0.0,62.0,0.0,66.0,0.0,0.0,0.0,0.0,0.0
0.0,0.0,0.0,0.0,0.0,0.0,0.0,0.0,0.0,0.0,0.0,0.0,0.0,0.0,0.0,0.0
0.0,0.0,0.0,0.0,0.0,0.0,0.0,0.0,0.0,0.0,0.0,0.0,0.0,0.0,0.0,0.0
540.0,275.0,440.0,0.0,66.0,0.0,0.0,0.0,186.0,0.0,0.0,0.0,0.0,0.0,0.0,0.0
0.0,0.0,0.0,0.0,0.0,0.0,0.0,0.0,0.0,0.0,0.0,0.0,0.0,0.0,0.0,0.0
880.0,616.0,640.0,0.0,132.0,0.0,0.0,0.0,0.0,0.0,0.0,0.0,0.0,0.0,0.0,0.0
0.0,0.0,0.0,0.0,0.0,0.0,0.0,0.0,0.0,0.0,0.0,0.0,0.0,0.0,0.0,0.0
500.0,308.0,380.0,0.0,66.0,0.0,48.0,0.0,0.0,0.0,0.0,0.0,0.0,0.0,0.0,0.0
0.0,0.0,0.0,0.0,0.0,0.0,0.0,0.0,0.0,0.0,0.0,0.0,0.0,0.0,0.0,0.0
0.0,0.0,0.0,0.0,0.0,0.0,0.0,0.0,0.0,0.0,0.0,0.0,0.0,0.0,0.0,0.0
670.0,385.0,600.0,0.0,44.0,0.0,0.0,0.0,62.0,0.0,0.0,0.0,0.0,0.0,0.0,0.0
0.0,0.0,0.0,0.0,0.0,0.0,0.0,0.0,0.0,0.0,0.0,0.0,0.0,0.0,0.0,0.0
810.0,594.0,440.0,0.0,110.0,0.0,0.0,0.0,0.0,0.0,0.0,0.0,0.0,0.0,0.0,0.0
0.0,0.0,0.0,0.0,0.0,0.0,0.0,0.0,0.0,0.0,0.0,0.0,0.0,0.0,0.0,0.0
230.0,143.0,320.0,0.0,176.0,0.0,0.0,0.0,0.0,0.0,66.0,0.0,0.0,0.0,0.0,0.0
650.0,374.0,500.0,0.0,132.0,0.0,0.0,0.0,62.0,0.0,0.0,0.0,0.0,0.0,0.0,0.0
0.0,0.0,0.0,0.0,0.0,0.0,0.0,0.0,0.0,0.0,0.0,0.0,0.0,0.0,0.0,0.0
850.0,693.0,420.0,42.0,110.0,0.0,144.0,0.0,0.0,0.0,0.0,0.0,0.0,0.0,0.0,0.0
0.0,0.0,0.0,0.0,0.0,0.0,0.0,0.0,0.0,0.0,0.0,0.0,0.0,0.0,0.0,0.0
0.0,0.0,0.0,0.0,0.0,0.0,0.0,0.0,0.0,0.0,0.0,0.0,0.0,0.0,0.0,0.0
360.0,132.0,320.0,0.0,88.0,0.0,48.0,0.0,124.0,0.0,0.0,0.0,0.0,0.0,0.0,0.0
620.0,374.0,460.0,0.0,132.0,0.0,120.0,0.0,124.0,0.0,0.0,0.0,0.0,0.0,0.0,0.0
0.0,0.0,0.0,0.0,0.0,0.0,0.0,0.0,0.0,0.0,0.0,0.0,0.0,0.0,0.0,0.0
770.0,484.0,580.0,0.0,88.0,0.0,0.0,0.0,0.0,0.0,0.0,0.0,0.0,0.0,0.0,0.0
0.0,0.0,0.0,0.0,0.0,0.0,0.0,0.0,0.0,0.0,0.0,0.0,0.0,0.0,0.0,0.0
0.0,0.0,0.0,0.0,0.0,0.0,0.0,0.0,0.0,0.0,0.0,0.0,0.0,0.0,0.0,0.0
0.0,0.0,0.0,0.0,0.0,0.0,0.0,0.0,0.0,0.0,0.0,0.0,0.0,0.0,0.0,0.0
0.0,0.0,0.0,0.0,0.0,0.0,0.0,0.0,0.0,0.0,0.0,0.0,0.0,0.0,0.0,0.0
400.0,165.0,360.0,0.0,154.0,0.0,48.0,0.0,0.0,0.0,132.0,0.0,0.0,0.0,0.0,0.0
620.0,418.0,460.0,0.0,44.0,0.0,0.0,0.0,62.0,0.0,33.0,0.0,0.0,0.0,0.0,0.0
0.0,0.0,0.0,0.0,0.0,0.0,0.0,0.0,0.0,0.0,0.0,0.0,0.0,0.0,0.0,0.0
0.0,0.0,0.0,0.0,0.0,0.0,0.0,0.0,0.0,0.0,0.0,0.0,0.0,0.0,0.0,0.0
600.0,363.0,420.0,0.0,88.0,0.0,96.0,0.0,0.0,0.0,66.0,0.0,0.0,0.0,0.0,0.0
670.0,462.0,360.0,0.0,88.0,0.0,48.0,0.0,31.0,0.0,132.0,0.0,0.0,0.0,0.0,0.0
0.0,0.0,0.0,0.0,0.0,0.0,0.0,0.0,0.0,0.0,0.0,0.0,0.0,0.0,0.0,0.0
0.0,0.0,0.0,0.0,0.0,0.0,0.0,0.0,0.0,0.0,0.0,0.0,0.0,0.0,0.0,0.0
380.247,110.0,500.0,0.0,88.0,0.0,24.0,0.0,0.0,0.0,33.0,0.0,0.0,0.0,0.0,0.0
840.0,407.0,840.0,0.0,66.0,0.0,48.0,0.0,0.0,0.0,0.0,0.0,0.0,0.0,0.0,0.0
0.0,0.0,0.0,0.0,0.0,0.0,0.0,0.0,0.0,0.0,0.0,0.0,0.0,0.0,0.0,0.0
0.0,0.0,0.0,0.0,0.0,0.0,0.0,0.0,0.0,0.0,0.0,0.0,0.0,0.0,0.0,0.0
0.0,0.0,0.0,0.0,0.0,0.0,0.0,0.0,0.0,0.0,0.0,0.0,0.0,0.0,0.0,0.0
610.0,451.127,340.0,0.0,88.0,0.0,0.0,0.0,0.0,0.0,66.0,0.0,0.0,0.0,0.0,0.0
0.0,0.0,0.0,0.0,0.0,0.0,0.0,0.0,0.0,0.0,0.0,0.0,0.0,0.0,0.0,0.0
0.0,0.0,0.0,0.0,0.0,0.0,0.0,0.0,0.0,0.0,0.0,0.0,0.0,0.0,0.0,0.0
0.0,0.0,0.0,0.0,0.0,0.0,0.0,0.0,0.0,0.0,0.0,0.0,0.0,0.0,0.0,0.0
400.0,187.0,280.0,0.0,88.0,0.0,48.0,0.0,0.0,0.0,99.0,0.0,0.0,0.0,0.0,0.0
0.0,0.0,0.0,0.0,0.0,0.0,0.0,0.0,0.0,0.0,0.0,0.0,0.0,0.0,0.0,0.0
850.556,704.0,320.0,0.0,88.0,0.0,48.0,0.0,0.0,0.0,66.0,0.0,0.0,0.0,0.0,0.0
0.0,0.0,0.0,0.0,0.0,0.0,0.0,0.0,0.0,0.0,0.0,0.0,0.0,0.0,0.0,0.0
0.0,0.0,0.0,0.0,0.0,0.0,0.0,0.0,0.0,0.0,0.0,0.0,0.0,0.0,0.0,0.0
0.0,0.0,0.0,0.0,0.0,0.0,0.0,0.0,0.0,0.0,0.0,0.0,0.0,0.0,0.0,0.0
710.0,473.0,480.0,0.0,88.0,0.0,192.0,0.0,0.0,0.0,66.0,0.0,0.0,0.0,0.0,0.0
700.0,539.0,320.0,0.0,110.0,0.0,48.0,0.0,62.0,0.0,0.0,0.0,0.0,0.0,0.0,0.0
530.0,396.0,160.0,0.0,66.0,0.0,0.0,60.0,62.0,0.0,132.0,0.0,0.0,0.0,0.0,0.0
0.0,0.0,0.0,0.0,0.0,0.0,0.0,0.0,0.0,0.0,0.0,0.0,0.0,0.0,0.0,0.0
380.0,176.0,360.0,0.0,88.0,0.0,48.0,60.0,0.0,0.0,66.0,0.0,0.0,0.0,0.0,0.0
0.0,0.0,0.0,0.0,0.0,0.0,0.0,0.0,0.0,0.0,0.0,0.0,0.0,0.0,0.0,0.0
640.0,319.0,620.0,0.0,88.0,0.0,48.0,0.0,62.0,0.0,0.0,0.0,0.0,0.0,0.0,0.0
770.0,495.0,440.0,0.0,88.0,0.0,96.0,0.0,124.0,0.0,66.0,0.0,0.0,0.0,0.0,0.0
340.0,0.0,520.0,0.0,176.0,0.0,48.0,0.0,0.0,0.0,66.0,0.0,0.0,0.0,0.0,0.0
0.0,0.0,0.0,0.0,0.0,0.0,0.0,0.0,0.0,0.0,0.0,0.0,0.0,0.0,0.0,0.0
390.0,66.0,560.0,0.0,154.0,0.0,48.0,0.0,0.0,0.0,66.0,0.0,0.0,0.0,0.0,0.0
0.0,0.0,0.0,0.0,0.0,0.0,0.0,0.0,0.0,0.0,0.0,0.0,0.0,0.0,0.0,0.0
500.0,352.0,280.0,0.0,88.0,0.0,0.0,0.0,0.0,0.0,0.0,0.0,0.0,0.0,0.0,0.0
0.0,0.0,0.0,0.0,0.0,0.0,0.0,0.0,0.0,0.0,0.0,0.0,0.0,0.0,0.0,0.0
0.0,0.0,0.0,0.0,0.0,0.0,0.0,0.0,0.0,0.0,0.0,0.0,0.0,0.0,0.0,0.0
560.0,385.0,280.0,84.0,110.0,0.0,48.0,0.0,0.0,0.0,0.0,0.0,0.0,0.0,0.0,0.0
0.0,0.0,0.0,0.0,0.0,0.0,0.0,0.0,0.0,0.0,0.0,0.0,0.0,0.0,0.0,0.0
270.55,132.0,200.0,0.0,44.0,0.0,0.0,0.0,62.0,0.0,66.0,0.0,0.0,0.0,0.0,0.0
0.0,0.0,0.0,0.0,0.0,0.0,0.0,0.0,0.0,0.0,0.0,0.0,0.0,0.0,0.0,0.0
0.0,0.0,0.0,0.0,0.0,0.0,0.0,0.0,0.0,0.0,0.0,0.0,0.0,0.0,0.0,0.0
720.0,374.0,660.0,0.0,66.0,0.0,96.0,0.0,0.0,0.0,0.0,0.0,0.0,0.0,0.0,0.0
560.0,374.0,320.0,0.0,88.0,0.0,48.0,60.0,0.0,0.0,0.0,0.0,0.0,0.0,0.0,0.0
0.0,0.0,0.0,0.0,0.0,0.0,0.0,0.0,0.0,0.0,0.0,0.0,0.0,0.0,0.0,0.0
0.0,0.0,0.0,0.0,0.0,0.0,0.0,0.0,0.0,0.0,0.0,0.0,0.0,0.0,0.0,0.0
240.0,66.0,280.0,0.0,66.0,0.0,0.0,0.0,0.0,0.0,0.0,200.0,0.0,84.0,0.0,0.0
690.0,539.0,400.0,0.0,88.0,0.0,48.0,0.0,0.0,0.0,66.0,0.0,0.0,0.0,0.0,0.0
0.0,0.0,0.0,0.0,0.0,0.0,0.0,0.0,0.0,0.0,0.0,0.0,0.0,0.0,0.0,0.0
520.0,308.0,340.0,0.0,44.0,0.0,24.0,0.0,0.0,0.0,0.0,160.0,0.0,0.0,0.0,0.0
760.0,528.0,480.0,0.0,88.0,0.0,0.0,0.0,0.0,0.0,0.0,0.0,0.0,0.0,0.0,0.0
0.0,0.0,0.0,0.0,0.0,0.0,0.0,0.0,0.0,0.0,0.0,0.0,0.0,0.0,0.0,0.0
0.0,0.0,0.0,0.0,0.0,0.0,0.0,0.0,0.0,0.0,0.0,0.0,0.0,0.0,0.0,0.0
760.0,495.0,480.0,0.0,66.0,0.0,48.0,0.0,124.0,0.0,0.0,0.0,0.0,0.0,0.0,0.0
460.0,275.0,360.0,0.0,66.0,0.0,0.0,0.0,0.0,0.0,66.0,0.0,0.0,0.0,0.0,0.0
530.0,385.0,240.0,0.0,88.0,0.0,0.0,60.0,62.0,0.0,66.0,0.0,0.0,0.0,0.0,0.0
0.0,0.0,0.0,0.0,0.0,0.0,0.0,0.0,0.0,0.0,0.0,0.0,0.0,0.0,0.0,0.0
0.0,0.0,0.0,0.0,0.0,0.0,0.0,0.0,0.0,0.0,0.0,0.0,0.0,0.0,0.0,0.0
930.0,660.0,600.0,0.0,66.0,0.0,0.0,0.0,62.0,0.0,0.0,0.0,0.0,0.0,0.0,0.0
470.0,308.0,280.0,0.0,110.0,0.0,48.0,0.0,0.0,0.0,0.0,0.0,0.0,0.0,0.0,0.0
0.0,0.0,0.0,0.0,0.0,0.0,0.0,0.0,0.0,0.0,0.0,0.0,0.0,0.0,0.0,0.0
300.0,121.252,360.0,0.0,44.0,0.0,48.0,60.0,0.0,0.0,66.0,0.0,0.0,0.0,0.0,0.0
0.0,0.0,0.0,0.0,0.0,0.0,0.0,0.0,0.0,0.0,0.0,0.0,0.0,0.0,0.0,0.0
350.0,198.0,300.0,0.0,44.0,0.0,0.0,0.0,0.0,0.0,66.0,0.0,0.0,0.0,0.0,0.0
490.0,253.0,480.0,0.0,88.0,0.0,144.0,0.0,0.0,0.0,66.0,0.0,0.0,0.0,0.0,0.0
0.0,0.0,0.0,0.0,0.0,0.0,0.0,0.0,0.0,0.0,0.0,0.0,0.0,0.0,0.0,0.0
610.0,374.0,480.0,0.0,22.0,0.0,0.0,0.0,0.0,0.0,0.0,80.0,0.0,0.0,0.0,0.0
0.0,0.0,0.0,0.0,0.0,0.0,0.0,0.0,0.0,0.0,0.0,0.0,0.0,0.0,0.0,0.0
670.0,374.0,480.0,0.0,66.0,0.0,48.0,60.0,0.0,0.0,132.0,0.0,0.0,0.0,0.0,0.0
840.0,660.0,360.0,0.0,110.0,0.0,0.0,90.0,0.0,0.0,66.0,0.0,0.0,0.0,0.0,0.0
0.0,0.0,0.0,0.0,0.0,0.0,0.0,0.0,0.0,0.0,0.0,0.0,0.0,0.0,0.0,0.0
850.0,704.0,440.0,0.0,88.0,0.0,48.0,0.0,31.0,0.0,66.0,0.0,0.0,0.0,0.0,0.0
0.0,0.0,0.0,0.0,0.0,0.0,0.0,0.0,0.0,0.0,0.0,0.0,0.0,0.0,0.0,0.0
980.0,682.0,700.0,0.0,66.0,0.0,48.0,0.0,0.0,0.0,0.0,0.0,0.0,0.0,0.0,0.0
0.0,0.0,0.0,0.0,0.0,0.0,0.0,0.0,0.0,0.0,0.0,0.0,0.0,0.0,0.0,0.0
700.0,396.0,600.0,0.0,110.0,0.0,72.0,0.0,0.0,0.0,0.0,0.0,0.0,0.0,0.0,0.0
0.0,0.0,0.0,0.0,0.0,0.0,0.0,0.0,0.0,0.0,0.0,0.0,0.0,0.0,0.0,0.0
340.0,121.0,360.0,0.0,66.0,0.0,0.0,0.0,0.0,0.0,132.0,0.0,0.0,0.0,0.0,0.0
0.0,0.0,0.0,0.0,0.0,0.0,0.0,0.0,0.0,0.0,0.0,0.0,0.0,0.0,0.0,0.0
290.594,55.0,400.0,0.0,66.0,0.0,48.0,0.0,0.0,0.0,66.0,0.0,0.0,0.0,0.0,0.0
0.0,0.0,0.0,0.0,0.0,0.0,0.0,0.0,0.0,0.0,0.0,0.0,0.0,0.0,0.0,0.0
0.0,0.0,0.0,0.0,0.0,0.0,0.0,0.0,0.0,0.0,0.0,0.0,0.0,0.0,0.0,0.0
550.0,286.0,480.0,0.0,66.0,0.0,0.0,0.0,62.0,0.0,0.0,0.0,0.0,0.0,0.0,0.0
0.0,0.0,0.0,0.0,0.0,0.0,0.0,0.0,0.0,0.0,0.0,0.0,0.0,0.0,0.0,0.0
550.0,440.0,200.0,0.0,110.0,0.0,48.0,0.0,0.0,0.0,66.0,0.0,0.0,0.0,0.0,0.0
510.0,220.0,400.0,0.0,44.0,0.0,144.0,0.0,186.0,0.0,99.0,0.0,0.0,0.0,0.0,0.0
0.0,0.0,0.0,0.0,0.0,0.0,0.0,0.0,0.0,0.0,0.0,0.0,0.0,0.0,0.0,0.0
640.0,451.0,320.0,0.0,88.0,0.0,48.0,0.0,31.0,0.0,132.0,0.0,0.0,0.0,0.0,0.0
320.0,99.0,360.0,0.0,154.0,0.0,0.0,60.0,0.0,0.0,0.0,0.0,0.0,0.0,0.0,0.0
0.0,0.0,0.0,0.0,0.0,0.0,0.0,0.0,0.0,0.0,0.0,0.0,0.0,0.0,0.0,0.0
700.0,484.0,440.0,0.0,88.0,0.0,0.0,0.0,62.0,0.0,0.0,0.0,0.0,0.0,0.0,0.0
0.0,0.0,0.0,0.0,0.0,0.0,0.0,0.0,0.0,0.0,0.0,0.0,0.0,0.0,0.0,0.0
490.0,165.0,540.0,0.0,66.0,0.0,0.0,60.0,0.0,64.0,0.0,0.0,0.0,0.0,0.0,0.0
0.0,0.0,0.0,0.0,0.0,0.0,0.0,0.0,0.0,0.0,0.0,0.0,0.0,0.0,0.0,0.0
240.0,154.0,400.0,0.0,176.0,0.0,0.0,0.0,0.0,0.0,0.0,0.0,0.0,0.0,0.0,0.0
500.0,209.0,560.0,0.0,66.0,0.0,0.0,0.0,62.0,0.0,0.0,80.0,0.0,0.0,0.0,0.0
0.0,0.0,0.0,0.0,0.0,0.0,0.0,0.0,0.0,0.0,0.0,0.0,0.0,0.0,0.0,0.0
0.0,0.0,0.0,0.0,0.0,0.0,0.0,0.0,0.0,0.0,0.0,0.0,0.0,0.0,0.0,0.0
540.0,352.0,380.0,0.0,110.0,0.0,0.0,0.0,0.0,0.0,0.0,0.0,0.0,0.0,0.0,0.0
0.0,0.0,0.0,0.0,0.0,0.0,0.0,0.0,0.0,0.0,0.0,0.0,0.0,0.0,0.0,0.0
140.0,0.0,80.0,21.0,198.0,0.0,0.0,60.0,0.0,0.0,66.0,0.0,0.0,0.0,0.0,0.0
750.0,539.0,440.0,0.0,88.0,0.0,0.0,0.0,62.0,0.0,0.0,0.0,0.0,0.0,0.0,0.0
0.0,0.0,0.0,0.0,0.0,0.0,0.0,0.0,0.0,0.0,0.0,0.0,0.0,0.0,0.0,0.0
0.0,0.0,0.0,0.0,0.0,0.0,0.0,0.0,0.0,0.0,0.0,0.0,0.0,0.0,0.0,0.0
660.0,506.0,320.0,0.0,88.0,0.0,24.0,0.0,62.0,0.0,99.0,0.0,0.0,0.0,0.0,0.0
240.0,132.0,200.0,0.0,44.0,0.0,0.0,0.0,0.0,0.0,0.0,0.0,0.0,0.0,0.0,0.0
0.0,0.0,0.0,0.0,0.0,0.0,0.0,0.0,0.0,0.0,0.0,0.0,0.0,0.0,0.0,0.0
0.0,0.0,0.0,0.0,0.0,0.0,0.0,0.0,0.0,0.0,0.0,0.0,0.0,0.0,0.0,0.0
650.0,418.0,440.0,0.0,66.0,0.0,24.0,0.0,62.0,0.0,33.0,0.0,0.0,0.0,0.0,0.0
0.0,0.0,0.0,0.0,0.0,0.0,0.0,0.0,0.0,0.0,0.0,0.0,0.0,0.0,0.0,0.0
670.0,440.0,480.0,0.0,22.0,0.0,0.0,60.0,0.0,0.0,0.0,0.0,0.0,0.0,0.0,0.0
700.0,484.0,440.0,0.0,88.0,0.0,0.0,0.0,62.0,0.0,0.0,0.0,0.0,0.0,0.0,0.0
720.0,495.0,440.0,0.0,154.0,0.0,0.0,0.0,62.0,0.0,0.0,0.0,0.0,0.0,0.0,0.0
0.0,0.0,0.0,0.0,0.0,0.0,0.0,0.0,0.0,0.0,0.0,0.0,0.0,0.0,0.0,0.0
410.0,198.0,420.0,0.0,88.0,0.0,0.0,0.0,62.0,0.0,0.0,0.0,0.0,0.0,0.0,0.0
0.0,0.0,0.0,0.0,0.0,0.0,0.0,0.0,0.0,0.0,0.0,0.0,0.0,0.0,0.0,0.0
0.0,0.0,0.0,0.0,0.0,0.0,0.0,0.0,0.0,0.0,0.0,0.0,0.0,0.0,0.0,0.0
510.0,286.0,360.0,0.0,110.0,0.0,0.0,60.0,0.0,0.0,66.0,0.0,0.0,0.0,0.0,0.0
930.0,385.0,1040.0,0.0,88.0,0.0,0.0,0.0,62.0,0.0,0.0,0.0,0.0,0.0,0.0,0.0
0.0,0.0,0.0,0.0,0.0,0.0,0.0,0.0,0.0,0.0,0.0,0.0,0.0,0.0,0.0,0.0
500.0,176.0,580.0,0.0,110.0,0.0,0.0,0.0,62.0,0.0,0.0,320.0,0.0,0.0,0.0,0.0
0.0,0.0,0.0,0.0,0.0,0.0,0.0,0.0,0.0,0.0,0.0,0.0,0.0,0.0,0.0,0.0
570.0,517.235,120.0,0.0,66.0,0.0,0.0,0.0,62.0,0.0,0.0,0.0,0.0,0.0,0.0,0.0
250.0,0.0,460.0,0.0,44.0,0.0,0.0,0.0,0.0,0.0,66.0,0.0,0.0,0.0,0.0,0.0
0.0,0.0,0.0,0.0,0.0,0.0,0.0,0.0,0.0,0.0,0.0,0.0,0.0,0.0,0.0,0.0
510.0,253.0,440.0,0.0,88.0,0.0,0.0,0.0,186.0,0.0,66.0,0.0,0.0,0.0,0.0,0.0
490.0,165.0,540.0,0.0,66.0,0.0,0.0,60.0,0.0,64.0,0.0,0.0,0.0,0.0,0.0,0.0
380.0,176.0,340.0,0.0,110.0,0.0,48.0,0.0,62.0,0.0,66.0,0.0,0.0,0.0,0.0,0.0
0.0,0.0,0.0,0.0,0.0,0.0,0.0,0.0,0.0,0.0,0.0,0.0,0.0,0.0,0.0,0.0
610.0,396.0,520.0,0.0,22.0,0.0,0.0,0.0,0.0,0.0,66.0,0.0,0.0,0.0,0.0,0.0
0.0,0.0,0.0,0.0,0.0,0.0,0.0,0.0,0.0,0.0,0.0,0.0,0.0,0.0,0.0,0.0
790.0,352.0,880.0,0.0,66.0,0.0,0.0,60.0,0.0,0.0,0.0,0.0,0.0,0.0,0.0,0.0
0.0,0.0,0.0,0.0,0.0,0.0,0.0,0.0,0.0,0.0,0.0,0.0,0.0,0.0,0.0,0.0
0.0,0.0,0.0,0.0,0.0,0.0,0.0,0.0,0.0,0.0,0.0,0.0,0.0,0.0,0.0,0.0
400.0,253.0,280.0,0.0,66.0,0.0,0.0,0.0,0.0,0.0,0.0,80.0,0.0,0.0,0.0,0.0
0.0,0.0,0.0,0.0,0.0,0.0,0.0,0.0,0.0,0.0,0.0,0.0,0.0,0.0,0.0,0.0
0.0,0.0,0.0,0.0,0.0,0.0,0.0,0.0,0.0,0.0,0.0,0.0,0.0,0.0,0.0,0.0
650.0,440.0,440.0,0.0,66.0,0.0,96.0,0.0,0.0,0.0,0.0,0.0,0.0,0.0,0.0,0.0
1010.0,814.0,580.0,0.0,44.0,0.0,48.0,0.0,0.0,0.0,0.0,0.0,0.0,0.0,0.0,0.0
600.0,374.0,420.0,0.0,66.0,0.0,48.0,0.0,0.0,0.0,0.0,0.0,0.0,0.0,0.0,0.0
0.0,0.0,0.0,0.0,0.0,0.0,0.0,0.0,0.0,0.0,0.0,0.0,0.0,0.0,0.0,0.0
600.0,418.0,360.0,0.0,44.0,0.0,48.0,0.0,62.0,0.0,0.0,0.0,0.0,0.0,0.0,0.0
0.0,0.0,0.0,0.0,0.0,0.0,0.0,0.0,0.0,0.0,0.0,0.0,0.0,0.0,0.0,0.0
790.0,594.0,440.0,0.0,66.0,0.0,0.0,0.0,0.0,0.0,0.0,0.0,0.0,0.0,0.0,0.0
930.0,726.0,500.0,0.0,88.0,0.0,0.0,0.0,0.0,0.0,0.0,0.0,0.0,0.0,0.0,0.0
0.0,0.0,0.0,0.0,0.0,0.0,0.0,0.0,0.0,0.0,0.0,0.0,0.0,0.0,0.0,0.0
760.0,506.0,520.0,0.0,44.0,0.0,48.0,0.0,62.0,0.0,0.0,0.0,0.0,0.0,0.0,0.0
800.0,561.0,360.0,0.0,110.0,0.0,48.0,60.0,62.0,64.0,0.0,0.0,0.0,0.0,0.0,0.0
0.0,0.0,0.0,0.0,0.0,0.0,0.0,0.0,0.0,0.0,0.0,0.0,0.0,0.0,0.0,0.0
1190.0,946.0,600.0,0.0,66.0,0.0,0.0,0.0,0.0,0.0,0.0,0.0,0.0,0.0,0.0,0.0
0.0,0.0,0.0,0.0,0.0,0.0,0.0,0.0,0.0,0.0,0.0,0.0,0.0,0.0,0.0,0.0
970.0,759.0,380.0,0.0,110.0,0.0,48.0,0.0,62.0,0.0,0.0,0.0,0.0,0.0,0.0,0.0
0.0,0.0,0.0,0.0,0.0,0.0,0.0,0.0,0.0,0.0,0.0,0.0,0.0,0.0,0.0,0.0
0.0,0.0,0.0,0.0,0.0,0.0,0.0,0.0,0.0,0.0,0.0,0.0,0.0,0.0,0.0,0.0
950.0,704.0,600.0,0.0,66.0,0.0,96.0,0.0,0.0,0.0,0.0,0.0,0.0,0.0,0.0,0.0
0.0,0.0,0.0,0.0,0.0,0.0,0.0,0.0,0.0,0.0,0.0,0.0,0.0,0.0,0.0,0.0
660.0,418.0,360.0,0.0,88.0,0.0,24.0,0.0,93.0,64.0,132.0,0.0,0.0,0.0,0.0,0.0
0.0,0.0,0.0,0.0,0.0,0.0,0.0,0.0,0.0,0.0,0.0,0.0,0.0,0.0,0.0,0.0
0.0,0.0,0.0,0.0,0.0,0.0,0.0,0.0,0.0,0.0,0.0,0.0,0.0,0.0,0.0,0.0
260.0,0.0,320.0,0.0,176.0,0.0,48.0,0.0,0.0,0.0,66.0,0.0,0.0,0.0,0.0,0.0
460.0,231.0,380.0,0.0,44.0,0.0,0.0,0.0,62.0,0.0,66.0,0.0,0.0,0.0,0.0,0.0
940.0,737.0,400.0,0.0,110.0,0.0,192.0,0.0,0.0,0.0,0.0,0.0,0.0,0.0,0.0,0.0
0.0,0.0,0.0,0.0,0.0,0.0,0.0,0.0,0.0,0.0,0.0,0.0,0.0,0.0,0.0,0.0
490.0,385.0,320.0,0.0,44.0,0.0,48.0,0.0,0.0,0.0,0.0,0.0,0.0,0.0,0.0,0.0
0.0,0.0,0.0,0.0,0.0,0.0,0.0,0.0,0.0,0.0,0.0,0.0,0.0,0.0,0.0,0.0
540.0,253.0,480.0,0.0,132.0,0.0,0.0,90.0,0.0,0.0,0.0,0.0,0.0,0.0,100.0,0.0
0.0,0.0,0.0,0.0,0.0,0.0,0.0,0.0,0.0,0.0,0.0,0.0,0.0,0.0,0.0,0.0
0.0,0.0,0.0,0.0,0.0,0.0,0.0,0.0,0.0,0.0,0.0,0.0,0.0,0.0,0.0,0.0
0.0,0.0,0.0,0.0,0.0,0.0,0.0,0.0,0.0,0.0,0.0,0.0,0.0,0.0,0.0,0.0
440.0,220.0,320.0,0.0,88.0,0.0,0.0,60.0,62.0,0.0,0.0,0.0,0.0,0.0,0.0,0.0
350.0,154.0,160.0,0.0,220.0,0.0,72.0,0.0,0.0,0.0,0.0,0.0,0.0,0.0,0.0,0.0
0.0,0.0,0.0,0.0,0.0,0.0,0.0,0.0,0.0,0.0,0.0,0.0,0.0,0.0,0.0,0.0
560.0,440.0,240.0,0.0,88.0,0.0,0.0,0.0,0.0,0.0,0.0,0.0,0.0,0.0,0.0,0.0
310.0,132.0,180.0,0.0,198.0,0.0,24.0,0.0,0.0,0.0,0.0,0.0,0.0,0.0,0.0,0.0
0.0,0.0,0.0,0.0,0.0,0.0,0.0,0.0,0.0,0.0,0.0,0.0,0.0,0.0,0.0,0.0
0.0,0.0,0.0,0.0,0.0,0.0,0.0,0.0,0.0,0.0,0.0,0.0,0.0,0.0,0.0,0.0
510.0,275.0,320.0,0.0,66.0,0.0,96.0,120.0,186.0,0.0,99.0,240.0,0.0,0.0,0.0,0.0
0.0,0.0,0.0,0.0,0.0,0.0,0.0,0.0,0.0,0.0,0.0,0.0,0.0,0.0,0.0,0.0
0.0,0.0,0.0,0.0,0.0,0.0,0.0,0.0,0.0,0.0,0.0,0.0,0.0,0.0,0.0,0.0
340.0,176.0,240.0,0.0,66.0,0.0,24.0,0.0,62.0,0.0,0.0,80.0,0.0,0.0,0.0,0.0
0.0,0.0,0.0,0.0,0.0,0.0,0.0,0.0,0.0,0.0,0.0,0.0,0.0,0.0,0.0,0.0
650.0,429.0,440.0,0.0,44.0,0.0,0.0,0.0,124.0,0.0,66.0,0.0,0.0,0.0,0.0,0.0
0.0,0.0,0.0,0.0,0.0,0.0,0.0,0.0,0.0,0.0,0.0,0.0,0.0,0.0,0.0,0.0
690.0,374.0,560.0,0.0,66.0,0.0,48.0,0.0,62.0,0.0,0.0,0.0,0.0,0.0,0.0,0.0
0.0,0.0,0.0,0.0,0.0,0.0,0.0,0.0,0.0,0.0,0.0,0.0,0.0,0.0,0.0,0.0
540.0,363.0,340.0,0.0,88.0,0.0,48.0,0.0,0.0,0.0,0.0,0.0,0.0,0.0,0.0,0.0
0.0,0.0,0.0,0.0,0.0,0.0,0.0,0.0,0.0,0.0,0.0,0.0,0.0,0.0,0.0,0.0
760.0,572.0,340.0,0.0,66.0,23.0,72.0,0.0,0.0,0.0,132.0,0.0,0.0,0.0,0.0,0.0
0.0,0.0,0.0,0.0,0.0,0.0,0.0,0.0,0.0,0.0,0.0,0.0,0.0,0.0,0.0,0.0
790.0,429.0,820.0,0.0,66.0,0.0,0.0,0.0,0.0,0.0,0.0,0.0,0.0,0.0,0.0,0.0
0.0,0.0,0.0,0.0,0.0,0.0,0.0,0.0,0.0,0.0,0.0,0.0,0.0,0.0,0.0,0.0
550.0,330.0,380.0,0.0,88.0,0.0,0.0,0.0,62.0,0.0,66.0,0.0,0.0,0.0,0.0,0.0
0.0,0.0,0.0,0.0,0.0,0.0,0.0,0.0,0.0,0.0,0.0,0.0,0.0,0.0,0.0,0.0
0.0,0.0,0.0,0.0,0.0,0.0,0.0,0.0,0.0,0.0,0.0,0.0,0.0,0.0,0.0,0.0
0.0,0.0,0.0,0.0,0.0,0.0,0.0,0.0,0.0,0.0,0.0,0.0,0.0,0.0,0.0,0.0
0.0,0.0,0.0,0.0,0.0,0.0,0.0,0.0,0.0,0.0,0.0,0.0,0.0,0.0,0.0,0.0
410.0,220.0,400.0,0.0,66.0,0.0,0.0,0.0,0.0,0.0,0.0,0.0,0.0,0.0,0.0,0.0
0.0,0.0,0.0,0.0,0.0,0.0,0.0,0.0,0.0,0.0,0.0,0.0,0.0,0.0,0.0,0.0
0.0,0.0,0.0,0.0,0.0,0.0,0.0,0.0,0.0,0.0,0.0,0.0,0.0,0.0,0.0,0.0
0.0,0.0,0.0,0.0,0.0,0.0,0.0,0.0,0.0,0.0,0.0,0.0,0.0,0.0,0.0,0.0
300.0,0.0,160.0,0.0,176.0,23.0,48.0,0.0,62.0,0.0,0.0,440.0,0.0,0.0,0.0,0.0
0.0,0.0,0.0,0.0,0.0,0.0,0.0,0.0,0.0,0.0,0.0,0.0,0.0,0.0,0.0,0.0
640.0,484.0,320.0,0.0,132.0,0.0,0.0,0.0,0.0,0.0,0.0,0.0,0.0,0.0,0.0,0.0
540.0,374.0,260.0,0.0,44.0,0.0,96.0,0.0,155.0,0.0,66.0,0.0,0.0,0.0,0.0,0.0
530.0,352.0,340.0,0.0,88.0,0.0,0.0,0.0,0.0,0.0,132.0,0.0,0.0,0.0,0.0,0.0
0.0,0.0,0.0,0.0,0.0,0.0,0.0,0.0,0.0,0.0,0.0,0.0,0.0,0.0,0.0,0.0
0.0,0.0,0.0,0.0,0.0,0.0,0.0,0.0,0.0,0.0,0.0,0.0,0.0,0.0,0.0,0.0
510.0,231.0,580.0,0.0,66.0,0.0,0.0,0.0,62.0,0.0,0.0,0.0,0.0,0.0,0.0,0.0
0.0,0.0,0.0,0.0,0.0,0.0,0.0,0.0,0.0,0.0,0.0,0.0,0.0,0.0,0.0,0.0
640.0,407.0,380.0,0.0,88.0,0.0,0.0,0.0,62.0,0.0,66.0,0.0,0.0,0.0,0.0,0.0
0.0,0.0,0.0,0.0,0.0,0.0,0.0,0.0,0.0,0.0,0.0,0.0,0.0,0.0,0.0,0.0
0.0,0.0,0.0,0.0,0.0,0.0,0.0,0.0,0.0,0.0,0.0,0.0,0.0,0.0,0.0,0.0
690.0,484.0,440.0,0.0,110.0,0.0,0.0,60.0,62.0,0.0,0.0,0.0,0.0,0.0,0.0,0.0
0.0,0.0,0.0,0.0,0.0,0.0,0.0,0.0,0.0,0.0,0.0,0.0,0.0,0.0,0.0,0.0
470.0,220.351,480.0,0.0,88.0,0.0,0.0,0.0,0.0,0.0,0.0,0.0,0.0,0.0,0.0,0.0
390.0,110.0,380.0,0.0,132.0,0.0,0.0,0.0,0.0,0.0,132.0,0.0,0.0,0.0,0.0,0.0
1240.0,1056.0,520.0,0.0,88.0,0.0,0.0,0.0,0.0,0.0,0.0,0.0,0.0,0.0,0.0,0.0
0.0,0.0,0.0,0.0,0.0,0.0,0.0,0.0,0.0,0.0,0.0,0.0,0.0,0.0,0.0,0.0
1010.0,737.0,500.0,0.0,110.0,0.0,192.0,0.0,124.0,0.0,0.0,0.0,0.0,0.0,0.0,0.0
0.0,0.0,0.0,0.0,0.0,0.0,0.0,0.0,0.0,0.0,0.0,0.0,0.0,0.0,0.0,0.0
0.0,0.0,0.0,0.0,0.0,0.0,0.0,0.0,0.0,0.0,0.0,0.0,0.0,0.0,0.0,0.0
0.0,0.0,0.0,0.0,0.0,0.0,0.0,0.0,0.0,0.0,0.0,0.0,0.0,0.0,0.0,0.0
390.0,264.0,220.0,0.0,88.0,0.0,0.0,0.0,0.0,0.0,0.0,0.0,0.0,0.0,0.0,0.0
0.0,0.0,0.0,0.0,0.0,0.0,0.0,0.0,0.0,0.0,0.0,0.0,0.0,0.0,0.0,0.0
580.0,363.0,360.0,0.0,110.0,0.0,0.0,0.0,0.0,64.0,66.0,0.0,0.0,0.0,0.0,0.0
0.0,0.0,0.0,0.0,0.0,0.0,0.0,0.0,0.0,0.0,0.0,0.0,0.0,0.0,0.0,0.0
0.0,0.0,0.0,0.0,0.0,0.0,0.0,0.0,0.0,0.0,0.0,0.0,0.0,0.0,0.0,0.0
570.0,297.0,520.0,0.0,110.0,0.0,24.0,60.0,0.0,0.0,0.0,0.0,0.0,0.0,0.0,0.0
0.0,0.0,0.0,0.0,0.0,0.0,0.0,0.0,0.0,0.0,0.0,0.0,0.0,0.0,0.0,0.0
530.0,286.0,380.0,0.0,88.0,0.0,48.0,0.0,0.0,64.0,0.0,0.0,0.0,0.0,0.0,0.0
0.0,0.0,0.0,0.0,0.0,0.0,0.0,0.0,0.0,0.0,0.0,0.0,0.0,0.0,0.0,0.0
250.0,209.0,280.0,0.0,44.0,0.0,48.0,0.0,0.0,0.0,0.0,80.0,0.0,0.0,0.0,1.0
300.0,44.0,320.0,42.0,154.0,23.0,48.0,0.0,62.0,0.0,0.0,0.0,0.0,0.0,0.0,1.0
640.0,440.0,380.0,0.0,22.0,0.0,48.0,0.0,62.0,0.0,0.0,0.0,0.0,0.0,0.0,1.0
580.0,429.0,380.0,0.0,0.0,0.0,0.0,0.0,0.0,0.0,0.0,0.0,0.0,0.0,0.0,1.0
1180.0,1111.0,240.0,0.0,22.0,0.0,48.0,0.0,0.0,0.0,132.0,0.0,0.0,0.0,0.0,1.0
590.0,407.0,360.0,0.0,44.0,0.0,48.0,0.0,62.0,0.0,0.0,0.0,0.0,0.0,0.0,1.0
440.0,231.0,400.0,0.0,44.0,0.0,0.0,0.0,186.0,0.0,99.0,0.0,0.0,0.0,0.0,1.0
0.0,0.0,0.0,0.0,0.0,0.0,0.0,0.0,0.0,0.0,0.0,0.0,0.0,0.0,0.0,1.0
900.0,528.0,560.0,42.0,132.0,0.0,48.0,0.0,62.0,0.0,66.0,0.0,0.0,0.0,0.0,1.0
0.0,0.0,0.0,0.0,0.0,0.0,0.0,0.0,0.0,0.0,0.0,0.0,0.0,0.0,0.0,1.0
0.0,0.0,0.0,0.0,0.0,0.0,0.0,0.0,0.0,0.0,0.0,0.0,0.0,0.0,0.0,1.0
620.246,473.0,280.0,0.0,0.0,0.0,48.0,0.0,0.0,0.0,0.0,80.0,0.0,0.0,0.0,1.0
550.0,308.0,320.0,0.0,132.0,0.0,120.0,0.0,0.0,0.0,132.0,0.0,0.0,0.0,0.0,1.0
460.0,275.0,320.0,0.0,44.0,0.0,48.0,0.0,62.0,0.0,33.0,0.0,0.0,0.0,0.0,1.0
150.0,44.156,200.0,0.0,44.0,0.0,0.0,0.0,0.0,0.0,66.0,0.0,0.0,0.0,0.0,1.0
250.0,22.0,420.0,42.0,176.0,0.0,48.0,0.0,0.0,0.0,0.0,0.0,0.0,0.0,0.0,1.0
0.0,0.0,0.0,0.0,0.0,0.0,0.0,0.0,0.0,0.0,0.0,0.0,0.0,0.0,0.0,1.0
230.0,66.0,320.0,0.0,110.0,0.0,0.0,0.0,0.0,0.0,0.0,0.0,0.0,0.0,0.0,1.0
0.0,0.0,0.0,0.0,0.0,0.0,0.0,0.0,0.0,0.0,0.0,0.0,0.0,0.0,0.0,1.0
410.0,286.503,240.0,0.0,44.0,0.0,0.0,0.0,62.0,0.0,0.0,0.0,0.0,0.0,0.0,1.0
890.0,616.0,560.0,0.0,110.0,0.0,0.0,0.0,0.0,0.0,0.0,0.0,0.0,0.0,0.0,1.0
490.0,154.0,560.0,0.0,88.0,0.0,48.0,0.0,0.0,0.0,33.0,0.0,0.0,0.0,0.0,1.0
480.0,308.0,320.0,0.0,88.0,0.0,0.0,0.0,0.0,0.0,0.0,0.0,0.0,0.0,0.0,1.0
540.0,242.0,560.0,0.0,88.0,0.0,0.0,0.0,0.0,0.0,0.0,0.0,0.0,0.0,0.0,1.0
450.0,198.0,420.0,0.0,44.0,0.0,336.0,0.0,62.0,0.0,0.0,0.0,0.0,0.0,0.0,1.0
0.0,0.0,0.0,0.0,0.0,0.0,0.0,0.0,0.0,0.0,0.0,0.0,0.0,0.0,0.0,1.0
0.0,0.0,0.0,0.0,0.0,0.0,0.0,0.0,0.0,0.0,0.0,0.0,0.0,0.0,0.0,1.0
710.0,385.0,620.0,0.0,132.0,0.0,24.0,0.0,124.0,0.0,0.0,0.0,0.0,0.0,0.0,1.0
510.0,407.8,240.0,0.0,66.0,0.0,48.0,0.0,0.0,0.0,132.0,0.0,0.0,0.0,0.0,1.0
0.0,0.0,0.0,0.0,0.0,0.0,0.0,0.0,0.0,0.0,0.0,0.0,0.0,0.0,0.0,1.0
0.0,0.0,0.0,0.0,0.0,0.0,0.0,0.0,0.0,0.0,0.0,0.0,0.0,0.0,0.0,1.0
840.0,550.0,600.0,0.0,66.0,0.0,0.0,0.0,62.0,0.0,33.0,0.0,0.0,0.0,0.0,1.0
760.0,440.0,700.0,0.0,66.0,0.0,0.0,0.0,0.0,0.0,0.0,0.0,0.0,0.0,0.0,1.0
700.0,385.207,700.0,0.0,22.0,0.0,0.0,0.0,62.0,0.0,0.0,0.0,0.0,0.0,0.0,1.0
0.0,0.0,0.0,0.0,0.0,0.0,0.0,0.0,0.0,0.0,0.0,0.0,0.0,0.0,0.0,1.0
750.0,363.0,660.0,0.0,22.0,0.0,144.0,0.0,62.0,0.0,0.0,0.0,0.0,0.0,0.0,1.0
540.0,429.0,200.0,0.0,88.0,0.0,24.0,0.0,62.0,0.0,0.0,0.0,0.0,0.0,0.0,1.0
200.0,55.0,200.0,0.0,66.0,0.0,96.0,0.0,0.0,0.0,198.0,0.0,0.0,0.0,0.0,1.0
840.0,539.0,640.0,0.0,22.0,0.0,0.0,0.0,62.0,0.0,66.0,0.0,0.0,0.0,0.0,1.0
270.0,0.0,480.0,0.0,110.0,0.0,0.0,0.0,0.0,0.0,0.0,0.0,0.0,0.0,0.0,1.0
0.0,0.0,0.0,0.0,0.0,0.0,0.0,0.0,0.0,0.0,0.0,0.0,0.0,0.0,0.0,1.0
0.0,0.0,0.0,0.0,0.0,0.0,0.0,0.0,0.0,0.0,0.0,0.0,0.0,0.0,0.0,1.0
190.0,33.545,200.0,0.0,132.0,0.0,0.0,0.0,0.0,0.0,0.0,40.0,0.0,0.0,0.0,1.0
380.0,0.0,360.0,126.0,176.0,0.0,48.0,0.0,0.0,0.0,66.0,160.0,0.0,0.0,0.0,1.0
960.0,572.0,420.0,378.0,110.0,0.0,0.0,0.0,0.0,0.0,0.0,0.0,0.0,0.0,0.0,1.0
420.0,231.0,320.0,42.0,66.0,0.0,240.0,0.0,62.0,0.0,0.0,0.0,0.0,84.0,0.0,1.0
0.0,0.0,0.0,0.0,0.0,0.0,0.0,0.0,0.0,0.0,0.0,0.0,0.0,0.0,0.0,1.0
0.0,0.0,0.0,0.0,0.0,0.0,0.0,0.0,0.0,0.0,0.0,0.0,0.0,0.0,0.0,1.0
710.0,506.0,440.0,0.0,110.0,0.0,144.0,0.0,62.0,0.0,66.0,0.0,0.0,0.0,0.0,1.0
620.0,451.0,400.0,0.0,0.0,0.0,24.0,0.0,62.0,0.0,0.0,0.0,0.0,0.0,0.0,1.0
620.0,352.0,480.0,0.0,132.0,0.0,0.0,0.0,0.0,0.0,0.0,0.0,0.0,0.0,0.0,1.0
630.0,484.0,340.0,0.0,44.0,0.0,0.0,0.0,0.0,0.0,0.0,0.0,0.0,0.0,0.0,1.0
170.0,11.666,200.0,0.0,110.0,0.0,0.0,0.0,62.0,0.0,0.0,0.0,0.0,0.0,0.0,1.0
330.018,66.0,420.0,0.0,110.0,0.0,144.0,0.0,0.0,0.0,0.0,0.0,0.0,0.0,0.0,1.0
0.0,0.0,0.0,0.0,0.0,0.0,0.0,0.0,0.0,0.0,0.0,0.0,0.0,0.0,0.0,1.0
390.0,11.0,620.0,0.0,154.0,46.0,48.0,0.0,0.0,0.0,0.0,0.0,0.0,0.0,0.0,1.0
0.0,0.0,0.0,0.0,0.0,0.0,0.0,0.0,0.0,0.0,0.0,0.0,0.0,0.0,0.0,1.0
0.0,0.0,0.0,0.0,0.0,0.0,0.0,0.0,0.0,0.0,0.0,0.0,0.0,0.0,0.0,1.0
270.0,44.0,440.0,0.0,66.0,0.0,0.0,0.0,0.0,0.0,0.0,0.0,0.0,0.0,0.0,1.0
460.0,44.0,740.0,0.0,88.0,23.0,0.0,0.0,0.0,0.0,66.0,0.0,0.0,0.0,0.0,1.0
0.0,0.0,0.0,0.0,0.0,0.0,0.0,0.0,0.0,0.0,0.0,0.0,0.0,0.0,0.0,1.0
0.0,0.0,0.0,0.0,0.0,0.0,0.0,0.0,0.0,0.0,0.0,0.0,0.0,0.0,0.0,1.0
0.0,0.0,0.0,0.0,0.0,0.0,0.0,0.0,0.0,0.0,0.0,0.0,0.0,0.0,0.0,1.0
0.0,0.0,0.0,0.0,0.0,0.0,0.0,0.0,0.0,0.0,0.0,0.0,0.0,0.0,0.0,1.0
720.0,484.0,380.0,0.0,66.0,0.0,0.0,0.0,186.0,0.0,66.0,0.0,0.0,0.0,0.0,1.0
0.0,0.0,0.0,0.0,0.0,0.0,0.0,0.0,0.0,0.0,0.0,0.0,0.0,0.0,0.0,1.0
600.0,473.0,400.0,0.0,0.0,0.0,0.0,0.0,0.0,0.0,33.0,0.0,0.0,0.0,0.0,1.0
450.0,242.0,480.0,0.0,44.0,23.0,48.0,0.0,0.0,0.0,0.0,0.0,0.0,0.0,0.0,1.0
340.0,187.0,160.0,0.0,132.0,0.0,216.0,0.0,0.0,0.0,132.0,0.0,0.0,0.0,0.0,1.0
740.0,440.0,540.0,0.0,66.0,0.0,96.0,0.0,0.0,0.0,0.0,80.0,0.0,0.0,0.0,1.0
0.0,0.0,0.0,0.0,0.0,0.0,0.0,0.0,0.0,0.0,0.0,0.0,0.0,0.0,0.0,1.0
700.0,440.0,400.0,0.0,88.0,0.0,48.0,0.0,62.0,0.0,132.0,0.0,0.0,0.0,0.0,1.0
770.0,396.0,640.0,0.0,44.0,0.0,96.0,0.0,62.0,0.0,99.0,0.0,0.0,0.0,0.0,1.0
0.0,0.0,0.0,0.0,0.0,0.0,0.0,0.0,0.0,0.0,0.0,0.0,0.0,0.0,0.0,1.0
260.0,22.0,420.0,0.0,66.0,0.0,0.0,0.0,0.0,0.0,0.0,0.0,0.0,0.0,0.0,1.0
0.0,0.0,0.0,0.0,0.0,0.0,0.0,0.0,0.0,0.0,0.0,0.0,0.0,0.0,0.0,1.0
220.0,44.0,180.0,0.0,132.0,0.0,0.0,0.0,62.0,64.0,33.0,80.0,0.0,0.0,0.0,1.0
220.20401,22.0,260.0,0.0,110.0,46.0,0.0,0.0,0.0,0.0,33.0,0.0,0.0,84.0,0.0,1.0
430.0,121.0,640.0,42.0,44.0,0.0,0.0,0.0,0.0,0.0,66.0,0.0,0.0,0.0,0.0,1.0
350.0,88.0,480.0,42.0,66.0,0.0,0.0,0.0,0.0,0.0,0.0,0.0,0.0,0.0,0.0,1.0
560.0,352.0,480.0,0.0,44.0,0.0,0.0,0.0,0.0,0.0,0.0,0.0,0.0,0.0,0.0,1.0
350.0,132.0,460.0,0.0,44.0,0.0,144.0,0.0,0.0,0.0,66.0,0.0,0.0,0.0,0.0,1.0
410.0,308.0,200.0,0.0,44.0,0.0,0.0,0.0,31.0,0.0,0.0,0.0,0.0,0.0,0.0,1.0
680.0,418.484,540.0,0.0,132.0,0.0,0.0,0.0,62.0,0.0,0.0,0.0,0.0,0.0,0.0,1.0
570.0,374.0,360.0,0.0,22.0,0.0,0.0,0.0,124.0,0.0,0.0,0.0,0.0,0.0,0.0,1.0
0.0,0.0,0.0,0.0,0.0,0.0,0.0,0.0,0.0,0.0,0.0,0.0,0.0,0.0,0.0,1.0
400.0,187.0,420.0,0.0,88.0,0.0,0.0,0.0,0.0,0.0,132.0,0.0,0.0,0.0,0.0,1.0
280.0,99.942,280.0,0.0,44.0,0.0,0.0,0.0,124.0,0.0,0.0,160.0,0.0,0.0,0.0,1.0
0.0,0.0,0.0,0.0,0.0,0.0,0.0,0.0,0.0,0.0,0.0,0.0,0.0,0.0,0.0,1.0
440.0,187.145,500.0,0.0,22.0,0.0,48.0,0.0,0.0,0.0,0.0,0.0,0.0,0.0,0.0,1.0
0.0,0.0,0.0,0.0,0.0,0.0,0.0,0.0,0.0,0.0,0.0,0.0,0.0,0.0,0.0,1.0
720.0,528.0,420.0,0.0,66.0,0.0,48.0,0.0,0.0,0.0,66.0,0.0,0.0,0.0,0.0,1.0
650.0,407.0,480.0,0.0,88.0,0.0,96.0,0.0,0.0,0.0,132.0,0.0,0.0,0.0,0.0,1.0
680.0,440.0,440.0,0.0,44.0,0.0,48.0,0.0,0.0,0.0,0.0,80.0,0.0,0.0,0.0,1.0
0.0,0.0,0.0,0.0,0.0,0.0,0.0,0.0,0.0,0.0,0.0,0.0,0.0,0.0,0.0,1.0
0.0,0.0,0.0,0.0,0.0,0.0,0.0,0.0,0.0,0.0,0.0,0.0,0.0,0.0,0.0,1.0
740.0,583.0,360.0,0.0,66.0,0.0,48.0,0.0,0.0,0.0,0.0,0.0,0.0,0.0,0.0,1.0
0.0,0.0,0.0,0.0,0.0,0.0,0.0,0.0,0.0,0.0,0.0,0.0,0.0,0.0,0.0,1.0
900.0,627.0,540.0,0.0,44.0,0.0,96.0,0.0,0.0,0.0,132.0,0.0,0.0,0.0,0.0,1.0
550.0,341.0,440.0,0.0,44.0,0.0,48.0,0.0,0.0,0.0,66.0,0.0,0.0,0.0,0.0,1.0
710.0,462.0,480.0,0.0,110.0,0.0,96.0,0.0,0.0,0.0,66.0,0.0,0.0,0.0,0.0,1.0
870.0,649.0,540.0,0.0,88.0,0.0,0.0,0.0,31.0,0.0,66.0,0.0,0.0,0.0,0.0,1.0
730.0,484.0,520.0,0.0,44.0,0.0,144.0,0.0,31.0,0.0,0.0,0.0,0.0,0.0,0.0,1.0
350.0,88.0,440.0,0.0,66.0,0.0,0.0,0.0,62.0,0.0,66.0,0.0,0.0,0.0,0.0,1.0
0.0,0.0,0.0,0.0,0.0,0.0,0.0,0.0,0.0,0.0,0.0,0.0,0.0,0.0,0.0,1.0
310.0,55.0,360.0,42.0,110.0,23.0,144.0,0.0,62.0,0.0,0.0,80.0,0.0,0.0,0.0,1.0
370.0,121.0,500.0,0.0,66.0,0.0,0.0,0.0,0.0,0.0,0.0,0.0,0.0,0.0,0.0,1.0
0.0,0.0,0.0,0.0,0.0,0.0,0.0,0.0,0.0,0.0,0.0,0.0,0.0,0.0,0.0,1.0
0.0,0.0,0.0,0.0,0.0,0.0,0.0,0.0,0.0,0.0,0.0,0.0,0.0,0.0,0.0,1.0
420.0,231.0,420.0,42.0,88.0,0.0,48.0,0.0,0.0,0.0,0.0,0.0,0.0,0.0,0.0,1.0
330.0,110.0,380.0,0.0,110.0,23.0,0.0,0.0,62.0,0.0,0.0,0.0,0.0,0.0,0.0,1.0
0.0,0.0,0.0,0.0,0.0,0.0,0.0,0.0,0.0,0.0,0.0,0.0,0.0,0.0,0.0,1.0
0.0,0.0,0.0,0.0,0.0,0.0,0.0,0.0,0.0,0.0,0.0,0.0,0.0,0.0,0.0,1.0
0.0,0.0,0.0,0.0,0.0,0.0,0.0,0.0,0.0,0.0,0.0,0.0,0.0,0.0,0.0,1.0
610.0,440.0,420.0,0.0,88.0,0.0,0.0,0.0,62.0,0.0,0.0,0.0,0.0,0.0,0.0,1.0
0.0,0.0,0.0,0.0,0.0,0.0,0.0,0.0,0.0,0.0,0.0,0.0,0.0,0.0,0.0,1.0
540.0,286.0,380.0,84.0,88.0,0.0,0.0,0.0,93.0,0.0,0.0,0.0,0.0,0.0,0.0,1.0
0.0,0.0,0.0,0.0,0.0,0.0,0.0,0.0,0.0,0.0,0.0,0.0,0.0,0.0,0.0,1.0
0.0,0.0,0.0,0.0,0.0,0.0,0.0,0.0,0.0,0.0,0.0,0.0,0.0,0.0,0.0,1.0
760.0,385.0,680.0,0.0,66.0,0.0,48.0,0.0,0.0,0.0,66.0,0.0,0.0,0.0,0.0,1.0
0.0,0.0,0.0,0.0,0.0,0.0,0.0,0.0,0.0,0.0,0.0,0.0,0.0,0.0,0.0,1.0
0.0,0.0,0.0,0.0,0.0,0.0,0.0,0.0,0.0,0.0,0.0,0.0,0.0,0.0,0.0,1.0
540.0,264.0,440.0,0.0,132.0,0.0,48.0,0.0,0.0,0.0,198.0,0.0,0.0,0.0,0.0,1.0
0.0,0.0,0.0,0.0,0.0,0.0,0.0,0.0,0.0,0.0,0.0,0.0,0.0,0.0,0.0,1.0
540.0,286.0,420.0,0.0,110.0,0.0,48.0,0.0,0.0,0.0,0.0,0.0,0.0,0.0,0.0,1.0
630.0,330.0,380.0,0.0,132.0,0.0,48.0,0.0,62.0,0.0,132.0,80.0,0.0,0.0,0.0,1.0
810.0,572.0,540.0,0.0,88.0,0.0,48.0,0.0,0.0,0.0,0.0,0.0,0.0,0.0,0.0,1.0
950.0,726.0,520.0,0.0,44.0,0.0,72.0,0.0,0.0,0.0,0.0,0.0,0.0,0.0,0.0,1.0
0.0,0.0,0.0,0.0,0.0,0.0,0.0,0.0,0.0,0.0,0.0,0.0,0.0,0.0,0.0,1.0
680.0,495.0,360.0,0.0,66.0,0.0,96.0,0.0,62.0,0.0,0.0,0.0,0.0,0.0,0.0,1.0
0.0,0.0,0.0,0.0,0.0,0.0,0.0,0.0,0.0,0.0,0.0,0.0,0.0,0.0,0.0,1.0
0.0,0.0,0.0,0.0,0.0,0.0,0.0,0.0,0.0,0.0,0.0,0.0,0.0,0.0,0.0,1.0
1060.0,638.0,860.0,0.0,66.0,0.0,48.0,0.0,0.0,0.0,66.0,0.0,0.0,0.0,0.0,1.0
690.0,308.0,760.0,0.0,88.0,0.0,0.0,0.0,93.0,0.0,0.0,0.0,0.0,0.0,0.0,1.0
0.0,0.0,0.0,0.0,0.0,0.0,0.0,0.0,0.0,0.0,0.0,0.0,0.0,0.0,0.0,1.0
610.0,396.0,340.0,0.0,88.0,0.0,48.0,0.0,62.0,0.0,66.0,0.0,0.0,0.0,0.0,1.0
0.0,0.0,0.0,0.0,0.0,0.0,0.0,0.0,0.0,0.0,0.0,0.0,0.0,0.0,0.0,1.0
0.0,0.0,0.0,0.0,0.0,0.0,0.0,0.0,0.0,0.0,0.0,0.0,0.0,0.0,0.0,1.0
360.0,66.0,460.0,0.0,88.0,0.0,0.0,30.0,0.0,0.0,0.0,0.0,0.0,0.0,100.0,1.0
300.0,0.0,440.0,0.0,176.0,0.0,48.0,0.0,0.0,0.0,0.0,80.0,0.0,0.0,0.0,1.0
260.0,0.0,160.0,0.0,198.0,0.0,0.0,0.0,0.0,0.0,0.0,360.0,0.0,0.0,0.0,1.0
0.0,0.0,0.0,0.0,0.0,0.0,0.0,0.0,0.0,0.0,0.0,0.0,0.0,0.0,0.0,1.0
540.0,319.0,440.0,0.0,66.0,0.0,0.0,0.0,0.0,0.0,0.0,0.0,0.0,0.0,0.0,1.0
0.0,0.0,0.0,0.0,0.0,0.0,0.0,0.0,0.0,0.0,0.0,0.0,0.0,0.0,0.0,1.0
0.0,0.0,0.0,0.0,0.0,0.0,0.0,0.0,0.0,0.0,0.0,0.0,0.0,0.0,0.0,1.0
620.0,462.0,320.0,0.0,44.0,0.0,0.0,0.0,124.0,0.0,0.0,0.0,0.0,0.0,0.0,1.0
530.0,308.0,440.0,0.0,66.0,0.0,0.0,0.0,62.0,0.0,0.0,0.0,0.0,0.0,0.0,1.0
0.0,0.0,0.0,0.0,0.0,0.0,0.0,0.0,0.0,0.0,0.0,0.0,0.0,0.0,0.0,1.0
560.0,440.0,280.0,0.0,66.0,23.0,0.0,0.0,0.0,0.0,0.0,0.0,0.0,0.0,0.0,1.0
590.0,407.0,440.0,0.0,44.0,0.0,0.0,0.0,0.0,0.0,0.0,0.0,0.0,0.0,0.0,1.0
1050.0,737.0,700.0,0.0,66.0,0.0,0.0,0.0,0.0,0.0,0.0,0.0,0.0,0.0,0.0,1.0
0.0,0.0,0.0,0.0,0.0,0.0,0.0,0.0,0.0,0.0,0.0,0.0,0.0,0.0,0.0,1.0
460.0,264.0,380.0,0.0,66.0,0.0,48.0,0.0,124.0,0.0,66.0,0.0,0.0,0.0,0.0,1.0
0.0,0.0,0.0,0.0,0.0,0.0,0.0,0.0,0.0,0.0,0.0,0.0,0.0,0.0,0.0,1.0
740.0,561.0,400.0,0.0,66.0,0.0,0.0,0.0,124.0,0.0,0.0,0.0,0.0,0.0,0.0,1.0
670.0,352.0,520.0,0.0,154.0,0.0,144.0,0.0,62.0,0.0,0.0,0.0,0.0,0.0,0.0,1.0
720.0,539.0,360.0,0.0,66.0,0.0,48.0,0.0,62.0,0.0,0.0,0.0,0.0,0.0,0.0,1.0
0.0,0.0,0.0,0.0,0.0,0.0,0.0,0.0,0.0,0.0,0.0,0.0,0.0,0.0,0.0,1.0
230.0,66.0,280.0,0.0,154.0,0.0,48.0,0.0,0.0,0.0,0.0,0.0,0.0,0.0,0.0,1.0
220.0,22.0,300.0,42.0,132.0,0.0,0.0,0.0,62.0,0.0,66.0,40.0,0.0,0.0,0.0,1.0
290.0,22.0,340.0,0.0,154.0,23.0,0.0,0.0,62.0,0.0,66.0,0.0,0.0,0.0,0.0,1.0
540.0,330.0,400.0,0.0,88.0,0.0,0.0,0.0,0.0,0.0,0.0,0.0,0.0,0.0,0.0,1.0
430.0,297.559,240.0,0.0,88.0,0.0,24.0,0.0,0.0,0.0,0.0,0.0,0.0,0.0,0.0,1.0
0.0,0.0,0.0,0.0,0.0,0.0,0.0,0.0,0.0,0.0,0.0,0.0,0.0,0.0,0.0,1.0
0.0,0.0,0.0,0.0,0.0,0.0,0.0,0.0,0.0,0.0,0.0,0.0,0.0,0.0,0.0,1.0
420.0,231.0,360.0,0.0,66.0,0.0,0.0,0.0,0.0,0.0,66.0,0.0,0.0,0.0,0.0,1.0
520.0,308.0,360.0,0.0,66.0,0.0,240.0,0.0,31.0,0.0,0.0,0.0,0.0,0.0,0.0,1.0
500.0,198.0,620.0,0.0,66.0,0.0,0.0,0.0,0.0,0.0,0.0,0.0,0.0,0.0,0.0,1.0
560.0,407.0,240.0,0.0,110.0,0.0,96.0,0.0,0.0,0.0,0.0,0.0,0.0,0.0,0.0,1.0
380.0,143.0,360.0,0.0,110.0,0.0,96.0,0.0,62.0,0.0,0.0,0.0,0.0,0.0,0.0,1.0
620.0,396.0,420.0,0.0,110.0,0.0,96.0,0.0,0.0,0.0,0.0,0.0,0.0,0.0,0.0,1.0
0.0,0.0,0.0,0.0,0.0,0.0,0.0,0.0,0.0,0.0,0.0,0.0,0.0,0.0,0.0,1.0
0.0,0.0,0.0,0.0,0.0,0.0,0.0,0.0,0.0,0.0,0.0,0.0,0.0,0.0,0.0,1.0
0.0,0.0,0.0,0.0,0.0,0.0,0.0,0.0,0.0,0.0,0.0,0.0,0.0,0.0,0.0,1.0
560.0,330.0,380.0,0.0,66.0,0.0,48.0,0.0,124.0,0.0,66.0,0.0,0.0,0.0,0.0,1.0
540.0,297.0,440.0,0.0,66.0,0.0,0.0,0.0,124.0,0.0,0.0,0.0,0.0,0.0,0.0,1.0
640.0,330.0,480.0,0.0,110.0,0.0,168.0,0.0,0.0,0.0,66.0,0.0,0.0,0.0,0.0,1.0
300.591,11.0,440.0,0.0,132.0,0.0,0.0,0.0,0.0,0.0,0.0,0.0,0.0,0.0,0.0,1.0
280.0,22.0,380.0,0.0,110.0,0.0,24.0,0.0,93.0,0.0,132.0,0.0,0.0,0.0,0.0,1.0
180.0,11.37,240.0,0.0,88.0,0.0,0.0,0.0,0.0,0.0,66.0,80.0,0.0,0.0,0.0,1.0
0.0,0.0,0.0,0.0,0.0,0.0,0.0,0.0,0.0,0.0,0.0,0.0,0.0,0.0,0.0,1.0
300.35498,44.0,240.0,126.0,132.0,23.0,0.0,0.0,0.0,0.0,0.0,0.0,0.0,0.0,0.0,1.0
320.0,66.0,520.0,0.0,110.0,23.0,0.0,0.0,0.0,0.0,66.0,0.0,0.0,0.0,0.0,1.0
630.0,396.0,380.0,0.0,88.0,0.0,144.0,0.0,0.0,0.0,0.0,0.0,0.0,0.0,0.0,1.0
290.0,110.0,280.0,0.0,66.0,0.0,0.0,0.0,0.0,0.0,132.0,0.0,0.0,0.0,0.0,1.0
1340.0,1309.0,200.0,0.0,66.0,0.0,0.0,0.0,62.0,0.0,66.0,0.0,0.0,0.0,0.0,1.0
700.0,440.0,520.0,0.0,132.0,0.0,96.0,0.0,0.0,0.0,0.0,0.0,0.0,0.0,0.0,1.0
560.0,374.0,340.0,0.0,66.0,0.0,48.0,0.0,0.0,0.0,0.0,0.0,0.0,0.0,0.0,1.0
0.0,0.0,0.0,0.0,0.0,0.0,0.0,0.0,0.0,0.0,0.0,0.0,0.0,0.0,0.0,1.0
0.0,0.0,0.0,0.0,0.0,0.0,0.0,0.0,0.0,0.0,0.0,0.0,0.0,0.0,0.0,1.0
750.0,528.0,520.0,0.0,66.0,0.0,0.0,0.0,0.0,0.0,0.0,0.0,0.0,0.0,0.0,1.0
0.0,0.0,0.0,0.0,0.0,0.0,0.0,0.0,0.0,0.0,0.0,0.0,0.0,0.0,0.0,1.0
880.0,484.0,780.0,0.0,66.0,0.0,48.0,0.0,0.0,0.0,0.0,0.0,0.0,0.0,0.0,1.0
760.0,539.0,480.0,0.0,66.0,0.0,0.0,0.0,0.0,0.0,0.0,0.0,0.0,0.0,0.0,1.0
0.0,0.0,0.0,0.0,0.0,0.0,0.0,0.0,0.0,0.0,0.0,0.0,0.0,0.0,0.0,1.0
780.0,484.0,580.0,0.0,110.0,0.0,0.0,0.0,0.0,0.0,66.0,0.0,0.0,0.0,0.0,1.0
240.0,44.0,300.0,0.0,66.0,0.0,0.0,0.0,62.0,0.0,66.0,0.0,0.0,0.0,0.0,1.0
200.0,66.0,160.0,0.0,66.0,0.0,24.0,0.0,0.0,0.0,66.0,0.0,0.0,0.0,0.0,1.0
200.0,44.0,200.0,0.0,110.0,23.0,0.0,0.0,0.0,64.0,0.0,0.0,0.0,0.0,0.0,1.0
330.012,132.0,220.0,0.0,154.0,46.0,0.0,0.0,0.0,0.0,0.0,0.0,0.0,0.0,0.0,1.0
250.0,66.0,300.0,42.0,88.0,0.0,96.0,0.0,62.0,0.0,0.0,0.0,0.0,0.0,0.0,1.0
320.0,121.0,280.0,0.0,110.0,0.0,48.0,0.0,0.0,64.0,0.0,0.0,0.0,0.0,0.0,1.0
0.0,0.0,0.0,0.0,0.0,0.0,0.0,0.0,0.0,0.0,0.0,0.0,0.0,0.0,0.0,1.0
370.0,176.0,320.0,0.0,44.0,0.0,48.0,0.0,0.0,0.0,99.0,0.0,0.0,0.0,0.0,1.0
0.0,0.0,0.0,0.0,0.0,0.0,0.0,0.0,0.0,0.0,0.0,0.0,0.0,0.0,0.0,1.0
370.61798,220.0,240.0,0.0,110.0,0.0,0.0,0.0,31.0,0.0,0.0,0.0,0.0,0.0,0.0,1.0
800.0,616.0,300.0,0.0,110.0,0.0,0.0,0.0,124.0,0.0,0.0,0.0,0.0,0.0,0.0,1.0
410.0,242.0,260.0,0.0,88.0,0.0,0.0,0.0,124.0,0.0,0.0,0.0,0.0,0.0,0.0,1.0
0.0,0.0,0.0,0.0,0.0,0.0,0.0,0.0,0.0,0.0,0.0,0.0,0.0,0.0,0.0,1.0
560.0,297.0,380.0,84.0,132.0,0.0,0.0,0.0,124.0,0.0,132.0,0.0,0.0,0.0,0.0,1.0
0.0,0.0,0.0,0.0,0.0,0.0,0.0,0.0,0.0,0.0,0.0,0.0,0.0,0.0,0.0,1.0
0.0,0.0,0.0,0.0,0.0,0.0,0.0,0.0,0.0,0.0,0.0,0.0,0.0,0.0,0.0,1.0
480.0,341.0,260.0,0.0,44.0,0.0,0.0,0.0,62.0,0.0,0.0,0.0,0.0,0.0,0.0,1.0
460.0,264.0,380.0,0.0,110.0,0.0,48.0,0.0,0.0,0.0,0.0,0.0,0.0,0.0,0.0,1.0
450.0,264.0,280.0,0.0,0.0,0.0,120.0,0.0,0.0,0.0,66.0,80.0,0.0,0.0,0.0,1.0
820.0,506.0,580.0,0.0,110.0,0.0,0.0,0.0,62.0,0.0,0.0,0.0,0.0,0.0,0.0,1.0
370.0,253.181,180.0,0.0,110.0,0.0,0.0,0.0,62.0,0.0,165.0,0.0,0.0,0.0,0.0,1.0
560.0,352.0,440.0,0.0,88.0,0.0,0.0,0.0,0.0,0.0,0.0,0.0,0.0,0.0,0.0,1.0
860.0,671.0,400.0,0.0,88.0,0.0,96.0,0.0,0.0,0.0,33.0,0.0,0.0,0.0,0.0,1.0
0.0,0.0,0.0,0.0,0.0,0.0,0.0,0.0,0.0,0.0,0.0,0.0,0.0,0.0,0.0,1.0
0.0,0.0,0.0,0.0,0.0,0.0,0.0,0.0,0.0,0.0,0.0,0.0,0.0,0.0,0.0,1.0
0.0,0.0,0.0,0.0,0.0,0.0,0.0,0.0,0.0,0.0,0.0,0.0,0.0,0.0,0.0,1.0
0.0,0.0,0.0,0.0,0.0,0.0,0.0,0.0,0.0,0.0,0.0,0.0,0.0,0.0,0.0,1.0
0.0,0.0,0.0,0.0,0.0,0.0,0.0,0.0,0.0,0.0,0.0,0.0,0.0,0.0,0.0,1.0
0.0,0.0,0.0,0.0,0.0,0.0,0.0,0.0,0.0,0.0,0.0,0.0,0.0,0.0,0.0,1.0
870.0,682.0,440.0,0.0,110.0,0.0,0.0,0.0,0.0,0.0,0.0,0.0,0.0,0.0,0.0,1.0
0.0,0.0,0.0,0.0,0.0,0.0,0.0,0.0,0.0,0.0,0.0,0.0,0.0,0.0,0.0,1.0
0.0,0.0,0.0,0.0,0.0,0.0,0.0,0.0,0.0,0.0,0.0,0.0,0.0,0.0,0.0,1.0
460.0,132.0,480.0,21.0,110.0,0.0,192.0,0.0,62.0,0.0,0.0,80.0,0.0,0.0,0.0,1.0
660.0,462.0,420.0,0.0,44.0,0.0,48.0,0.0,0.0,32.0,0.0,0.0,0.0,0.0,0.0,1.0
0.0,0.0,0.0,0.0,0.0,0.0,0.0,0.0,0.0,0.0,0.0,0.0,0.0,0.0,0.0,1.0
400.0,253.0,280.0,0.0,66.0,0.0,0.0,0.0,0.0,0.0,0.0,0.0,0.0,0.0,0.0,1.0
270.0,22.0,420.0,0.0,132.0,0.0,48.0,0.0,0.0,0.0,0.0,0.0,0.0,0.0,0.0,1.0
230.0,22.0,260.0,0.0,132.0,0.0,0.0,0.0,62.0,64.0,0.0,0.0,0.0,0.0,0.0,1.0
270.0,110.0,300.0,0.0,88.0,0.0,0.0,0.0,62.0,0.0,0.0,0.0,0.0,0.0,0.0,1.0
490.0,242.0,480.0,0.0,110.0,0.0,48.0,0.0,62.0,0.0,0.0,0.0,0.0,0.0,0.0,1.0
0.0,0.0,0.0,0.0,0.0,0.0,0.0,0.0,0.0,0.0,0.0,0.0,0.0,0.0,0.0,1.0
520.0,429.0,200.0,0.0,66.0,0.0,0.0,0.0,0.0,0.0,66.0,0.0,0.0,0.0,0.0,1.0
0.0,0.0,0.0,0.0,0.0,0.0,0.0,0.0,0.0,0.0,0.0,0.0,0.0,0.0,0.0,1.0
690.0,539.81396,280.0,0.0,66.0,0.0,48.0,0.0,62.0,0.0,0.0,0.0,0.0,0.0,0.0,1.0
0.0,0.0,0.0,0.0,0.0,0.0,0.0,0.0,0.0,0.0,0.0,0.0,0.0,0.0,0.0,1.0
0.0,0.0,0.0,0.0,0.0,0.0,0.0,0.0,0.0,0.0,0.0,0.0,0.0,0.0,0.0,1.0
0.0,0.0,0.0,0.0,0.0,0.0,0.0,0.0,0.0,0.0,0.0,0.0,0.0,0.0,0.0,1.0
0.0,0.0,0.0,0.0,0.0,0.0,0.0,0.0,0.0,0.0,0.0,0.0,0.0,0.0,0.0,1.0
0.0,0.0,0.0,0.0,0.0,0.0,0.0,0.0,0.0,0.0,0.0,0.0,0.0,0.0,0.0,1.0
0.0,0.0,0.0,0.0,0.0,0.0,0.0,0.0,0.0,0.0,0.0,0.0,0.0,0.0,0.0,1.0
0.0,0.0,0.0,0.0,0.0,0.0,0.0,0.0,0.0,0.0,0.0,0.0,0.0,0.0,0.0,1.0
530.0,286.0,440.0,0.0,66.0,0.0,0.0,0.0,62.0,0.0,66.0,0.0,0.0,0.0,0.0,1.0
0.0,0.0,0.0,0.0,0.0,0.0,0.0,0.0,0.0,0.0,0.0,0.0,0.0,0.0,0.0,1.0
660.0,440.0,400.0,0.0,88.0,0.0,48.0,0.0,0.0,0.0,0.0,0.0,0.0,0.0,0.0,1.0
0.0,0.0,0.0,0.0,0.0,0.0,0.0,0.0,0.0,0.0,0.0,0.0,0.0,0.0,0.0,1.0
1040.0,748.0,680.0,21.0,22.0,0.0,0.0,0.0,62.0,0.0,66.0,0.0,0.0,0.0,0.0,1.0
750.0,451.0,540.0,0.0,66.0,0.0,144.0,0.0,62.0,0.0,0.0,160.0,0.0,0.0,0.0,1.0
0.0,0.0,0.0,0.0,0.0,0.0,0.0,0.0,0.0,0.0,0.0,0.0,0.0,0.0,0.0,1.0
790.0,473.0,560.0,0.0,132.0,0.0,0.0,0.0,124.0,0.0,0.0,0.0,0.0,0.0,0.0,1.0
920.0,704.0,520.0,0.0,88.0,0.0,0.0,0.0,0.0,0.0,0.0,0.0,0.0,0.0,0.0,1.0
740.0,528.0,480.0,0.0,88.0,0.0,192.0,0.0,0.0,0.0,0.0,0.0,0.0,0.0,0.0,1.0
1140.0,869.0,560.0,0.0,66.0,0.0,0.0,0.0,0.0,64.0,66.0,0.0,0.0,0.0,0.0,1.0
440.0,253.0,400.0,0.0,110.0,0.0,0.0,0.0,62.0,0.0,0.0,0.0,0.0,0.0,0.0,1.0
550.0,319.0,360.0,0.0,88.0,0.0,48.0,0.0,62.0,0.0,0.0,0.0,0.0,0.0,0.0,1.0
430.0,176.0,440.0,0.0,66.0,0.0,96.0,0.0,124.0,0.0,0.0,0.0,0.0,0.0,0.0,1.0
340.0,66.0,420.0,0.0,44.0,0.0,48.0,0.0,0.0,0.0,0.0,120.0,0.0,0.0,0.0,1.0
280.0,22.0,440.0,0.0,132.0,0.0,48.0,0.0,0.0,0.0,0.0,0.0,0.0,0.0,0.0,1.0
270.0,0.0,320.0,0.0,242.0,0.0,0.0,0.0,0.0,0.0,66.0,0.0,0.0,0.0,0.0,1.0
0.0,0.0,0.0,0.0,0.0,0.0,0.0,0.0,0.0,0.0,0.0,0.0,0.0,0.0,0.0,1.0
300.0,33.0,460.0,0.0,132.0,0.0,0.0,0.0,0.0,0.0,0.0,0.0,0.0,0.0,0.0,1.0
0.0,0.0,0.0,0.0,0.0,0.0,0.0,0.0,0.0,0.0,0.0,0.0,0.0,0.0,0.0,1.0
550.0,352.0,400.0,0.0,44.0,0.0,48.0,0.0,93.0,0.0,0.0,0.0,0.0,0.0,0.0,1.0
630.0,462.0,400.0,0.0,66.0,0.0,0.0,0.0,62.0,0.0,0.0,0.0,0.0,0.0,0.0,1.0
570.0,209.0,680.0,0.0,88.0,0.0,0.0,0.0,62.0,64.0,66.0,0.0,0.0,0.0,0.0,1.0
690.0,396.0,560.0,42.0,66.0,0.0,48.0,0.0,0.0,0.0,0.0,0.0,0.0,0.0,0.0,1.0
540.0,286.0,500.0,0.0,88.0,0.0,48.0,0.0,0.0,0.0,66.0,0.0,0.0,42.0,0.0,1.0
0.0,0.0,0.0,0.0,0.0,0.0,0.0,0.0,0.0,0.0,0.0,0.0,0.0,0.0,0.0,1.0
300.0,121.028,320.0,0.0,44.0,0.0,0.0,0.0,62.0,0.0,66.0,0.0,0.0,0.0,0.0,1.0
220.0,33.378998,340.0,0.0,110.0,0.0,0.0,0.0,0.0,0.0,0.0,0.0,0.0,0.0,0.0,1.0
260.0,110.0,320.0,0.0,88.0,0.0,96.0,0.0,0.0,0.0,0.0,0.0,0.0,0.0,0.0,1.0
240.0,55.0,280.0,0.0,132.0,23.0,0.0,0.0,0.0,0.0,0.0,0.0,0.0,0.0,0.0,1.0
460.0,209.4,480.0,0.0,88.0,46.0,0.0,0.0,62.0,0.0,66.0,0.0,0.0,0.0,0.0,1.0
370.0,187.0,400.0,0.0,88.0,0.0,0.0,0.0,0.0,0.0,0.0,0.0,0.0,0.0,0.0,1.0
580.0,396.0,360.0,0.0,88.0,0.0,0.0,0.0,0.0,0.0,0.0,0.0,0.0,0.0,0.0,1.0
0.0,0.0,0.0,0.0,0.0,0.0,0.0,0.0,0.0,0.0,0.0,0.0,0.0,0.0,0.0,1.0
750.0,627.0,320.0,0.0,44.0,0.0,0.0,0.0,0.0,0.0,66.0,0.0,0.0,0.0,0.0,1.0
920.0,759.0,400.0,0.0,22.0,0.0,96.0,0.0,62.0,0.0,0.0,0.0,0.0,0.0,0.0,1.0
930.0,792.0,360.0,0.0,66.0,0.0,48.0,0.0,0.0,0.0,0.0,0.0,0.0,0.0,0.0,1.0
0.0,0.0,0.0,0.0,0.0,0.0,0.0,0.0,0.0,0.0,0.0,0.0,0.0,0.0,0.0,1.0
670.0,484.0,400.0,0.0,66.0,0.0,0.0,0.0,62.0,0.0,66.0,0.0,0.0,0.0,0.0,1.0
0.0,0.0,0.0,0.0,0.0,0.0,0.0,0.0,0.0,0.0,0.0,0.0,0.0,0.0,0.0,1.0
680.0,308.0,740.0,0.0,66.0,0.0,96.0,0.0,62.0,0.0,0.0,0.0,0.0,0.0,0.0,1.0
590.0,374.0,460.0,0.0,44.0,0.0,48.0,0.0,62.0,0.0,0.0,80.0,0.0,0.0,0.0,1.0
580.231,429.0,280.0,0.0,44.0,0.0,0.0,0.0,0.0,0.0,0.0,80.0,0.0,0.0,0.0,1.0
1130.0,913.0,500.0,0.0,110.0,0.0,192.0,0.0,0.0,0.0,0.0,0.0,0.0,0.0,0.0,1.0
0.0,0.0,0.0,0.0,0.0,0.0,0.0,0.0,0.0,0.0,0.0,0.0,0.0,0.0,0.0,1.0
620.0,341.0,580.0,0.0,88.0,0.0,48.0,0.0,124.0,0.0,66.0,0.0,0.0,0.0,0.0,1.0
0.0,0.0,0.0,0.0,0.0,0.0,0.0,0.0,0.0,0.0,0.0,0.0,0.0,0.0,0.0,1.0
620.0,462.0,320.0,0.0,44.0,0.0,96.0,0.0,0.0,0.0,0.0,0.0,0.0,0.0,0.0,1.0
0.0,0.0,0.0,0.0,0.0,0.0,0.0,0.0,0.0,0.0,0.0,0.0,0.0,0.0,0.0,1.0
0.0,0.0,0.0,0.0,0.0,0.0,0.0,0.0,0.0,0.0,0.0,0.0,0.0,0.0,0.0,1.0
690.0,473.0,420.0,0.0,66.0,0.0,48.0,0.0,124.0,0.0,0.0,0.0,0.0,0.0,0.0,1.0
0.0,0.0,0.0,0.0,0.0,0.0,0.0,0.0,0.0,0.0,0.0,0.0,0.0,0.0,0.0,1.0
210.0,0.0,240.0,0.0,132.0,0.0,0.0,0.0,0.0,0.0,132.0,120.0,0.0,0.0,0.0,1.0
0.0,0.0,0.0,0.0,0.0,0.0,0.0,0.0,0.0,0.0,0.0,0.0,0.0,0.0,0.0,1.0
360.0,66.0,200.0,0.0,154.0,23.0,0.0,0.0,0.0,0.0,66.0,560.0,0.0,0.0,0.0,1.0
400.0,165.087,440.0,0.0,88.0,0.0,48.0,0.0,62.0,0.0,0.0,0.0,0.0,0.0,0.0,1.0
0.0,0.0,0.0,0.0,0.0,0.0,0.0,0.0,0.0,0.0,0.0,0.0,0.0,0.0,0.0,1.0
430.0,88.0,540.0,84.0,88.0,46.0,0.0,0.0,0.0,0.0,0.0,0.0,0.0,0.0,0.0,1.0
0.0,0.0,0.0,0.0,0.0,0.0,0.0,0.0,0.0,0.0,0.0,0.0,0.0,0.0,0.0,1.0
610.0,396.0,460.0,0.0,44.0,0.0,0.0,0.0,0.0,0.0,0.0,0.0,0.0,0.0,0.0,1.0
0.0,0.0,0.0,0.0,0.0,0.0,0.0,0.0,0.0,0.0,0.0,0.0,0.0,0.0,0.0,1.0
0.0,0.0,0.0,0.0,0.0,0.0,0.0,0.0,0.0,0.0,0.0,0.0,0.0,0.0,0.0,1.0
0.0,0.0,0.0,0.0,0.0,0.0,0.0,0.0,0.0,0.0,0.0,0.0,0.0,0.0,0.0,1.0
1010.0,858.0,400.0,0.0,66.0,0.0,0.0,0.0,0.0,0.0,0.0,0.0,0.0,0.0,0.0,1.0
0.0,0.0,0.0,0.0,0.0,0.0,0.0,0.0,0.0,0.0,0.0,0.0,0.0,0.0,0.0,1.0
590.0,385.0,380.0,42.0,88.0,0.0,0.0,0.0,62.0,0.0,33.0,0.0,0.0,0.0,0.0,1.0
0.0,0.0,0.0,0.0,0.0,0.0,0.0,0.0,0.0,0.0,0.0,0.0,0.0,0.0,0.0,1.0
650.0,374.0,520.0,0.0,22.0,0.0,96.0,0.0,0.0,0.0,66.0,0.0,0.0,0.0,0.0,1.0
0.0,0.0,0.0,0.0,0.0,0.0,0.0,0.0,0.0,0.0,0.0,0.0,0.0,0.0,0.0,1.0
780.0,649.0,360.0,0.0,66.0,0.0,48.0,0.0,62.0,0.0,0.0,0.0,0.0,0.0,0.0,1.0
580.0,319.0,380.0,0.0,88.0,0.0,144.0,0.0,0.0,64.0,0.0,0.0,0.0,0.0,0.0,1.0
0.0,0.0,0.0,0.0,0.0,0.0,0.0,0.0,0.0,0.0,0.0,0.0,0.0,0.0,0.0,1.0
0.0,0.0,0.0,0.0,0.0,0.0,0.0,0.0,0.0,0.0,0.0,0.0,0.0,0.0,0.0,1.0
0.0,0.0,0.0,0.0,0.0,0.0,0.0,0.0,0.0,0.0,0.0,0.0,0.0,0.0,0.0,1.0
850.0,616.0,460.0,0.0,88.0,0.0,96.0,0.0,0.0,0.0,0.0,0.0,0.0,0.0,0.0,1.0
0.0,0.0,0.0,0.0,0.0,0.0,0.0,0.0,0.0,0.0,0.0,0.0,0.0,0.0,0.0,1.0
620.0,418.0,400.0,0.0,88.0,0.0,0.0,0.0,0.0,0.0,132.0,0.0,0.0,0.0,0.0,1.0
0.0,0.0,0.0,0.0,0.0,0.0,0.0,0.0,0.0,0.0,0.0,0.0,0.0,0.0,0.0,1.0
0.0,0.0,0.0,0.0,0.0,0.0,0.0,0.0,0.0,0.0,0.0,0.0,0.0,0.0,0.0,1.0
940.0,594.0,720.0,0.0,88.0,0.0,96.0,0.0,0.0,0.0,0.0,80.0,0.0,0.0,0.0,1.0
0.0,0.0,0.0,0.0,0.0,0.0,0.0,0.0,0.0,0.0,0.0,0.0,0.0,0.0,0.0,1.0
0.0,0.0,0.0,0.0,0.0,0.0,0.0,0.0,0.0,0.0,0.0,0.0,0.0,0.0,0.0,1.0
660.0,440.0,420.0,0.0,66.0,0.0,48.0,0.0,0.0,0.0,66.0,0.0,0.0,0.0,0.0,1.0
580.0,242.0,540.0,0.0,110.0,0.0,96.0,0.0,0.0,0.0,66.0,0.0,0.0,0.0,0.0,1.0
920.0,737.0,600.0,0.0,88.0,0.0,168.0,0.0,0.0,0.0,66.0,0.0,0.0,0.0,0.0,1.0
820.0,528.0,580.0,0.0,132.0,0.0,48.0,0.0,62.0,0.0,165.0,0.0,0.0,0.0,0.0,1.0
850.0,638.0,400.0,0.0,110.0,0.0,96.0,0.0,62.0,0.0,66.0,0.0,0.0,0.0,0.0,1.0
0.0,0.0,0.0,0.0,0.0,0.0,0.0,0.0,0.0,0.0,0.0,0.0,0.0,0.0,0.0,1.0
0.0,0.0,0.0,0.0,0.0,0.0,0.0,0.0,0.0,0.0,0.0,0.0,0.0,0.0,0.0,1.0
0.0,0.0,0.0,0.0,0.0,0.0,0.0,0.0,0.0,0.0,0.0,0.0,0.0,0.0,0.0,1.0
0.0,0.0,0.0,0.0,0.0,0.0,0.0,0.0,0.0,0.0,0.0,0.0,0.0,0.0,0.0,1.0
770.0,495.0,520.0,0.0,22.0,0.0,48.0,0.0,31.0,0.0,66.0,0.0,0.0,0.0,0.0,1.0
0.0,0.0,0.0,0.0,0.0,0.0,0.0,0.0,0.0,0.0,0.0,0.0,0.0,0.0,0.0,1.0
650.0,385.0,480.0,0.0,66.0,0.0,120.0,0.0,0.0,0.0,0.0,0.0,0.0,0.0,0.0,1.0
900.0,616.0,540.0,0.0,154.0,0.0,0.0,0.0,0.0,0.0,66.0,0.0,0.0,0.0,0.0,1.0
650.0,473.0,400.0,0.0,44.0,0.0,96.0,0.0,0.0,0.0,0.0,0.0,0.0,0.0,0.0,1.0
970.0,770.0,480.0,0.0,110.0,0.0,0.0,0.0,0.0,0.0,0.0,0.0,0.0,0.0,0.0,1.0
390.0,88.0,440.0,0.0,88.0,23.0,0.0,0.0,124.0,0.0,0.0,0.0,0.0,0.0,100.0,1.0
0.0,0.0,0.0,0.0,0.0,0.0,0.0,0.0,0.0,0.0,0.0,0.0,0.0,0.0,0.0,1.0
330.0,22.0,440.0,0.0,110.0,0.0,48.0,0.0,0.0,0.0,132.0,0.0,0.0,0.0,0.0,1.0
0.0,0.0,0.0,0.0,0.0,0.0,0.0,0.0,0.0,0.0,0.0,0.0,0.0,0.0,0.0,1.0
230.497,22.0,300.0,0.0,132.0,0.0,0.0,0.0,62.0,0.0,0.0,40.0,0.0,0.0,0.0,1.0
240.0,44.0,300.0,84.0,220.0,0.0,0.0,0.0,0.0,0.0,33.0,0.0,0.0,84.0,0.0,1.0
440.0,176.0,460.0,0.0,110.0,0.0,0.0,0.0,0.0,0.0,0.0,0.0,0.0,0.0,0.0,1.0
0.0,0.0,0.0,0.0,0.0,0.0,0.0,0.0,0.0,0.0,0.0,0.0,0.0,0.0,0.0,1.0
440.0,198.0,420.0,0.0,88.0,0.0,0.0,0.0,31.0,0.0,0.0,0.0,0.0,0.0,0.0,1.0
480.0,374.32,340.0,0.0,44.0,0.0,48.0,0.0,0.0,0.0,66.0,0.0,0.0,0.0,0.0,1.0
0.0,0.0,0.0,0.0,0.0,0.0,0.0,0.0,0.0,0.0,0.0,0.0,0.0,0.0,0.0,1.0
0.0,0.0,0.0,0.0,0.0,0.0,0.0,0.0,0.0,0.0,0.0,0.0,0.0,0.0,0.0,1.0
0.0,0.0,0.0,0.0,0.0,0.0,0.0,0.0,0.0,0.0,0.0,0.0,0.0,0.0,0.0,1.0
550.0,286.0,520.0,0.0,66.0,0.0,0.0,0.0,0.0,0.0,66.0,0.0,0.0,0.0,0.0,1.0
320.0,44.0,500.0,0.0,110.0,0.0,0.0,0.0,0.0,0.0,66.0,0.0,0.0,0.0,0.0,1.0
250.0,0.0,320.0,0.0,154.0,0.0,48.0,0.0,0.0,0.0,66.0,0.0,0.0,0.0,0.0,1.0
0.0,0.0,0.0,0.0,0.0,0.0,0.0,0.0,0.0,0.0,0.0,0.0,0.0,0.0,0.0,1.0
270.0,110.0,320.0,0.0,198.0,0.0,0.0,0.0,0.0,0.0,0.0,0.0,0.0,0.0,0.0,1.0
350.0,22.0,460.0,42.0,132.0,46.0,0.0,0.0,0.0,0.0,66.0,0.0,0.0,84.0,0.0,1.0
0.0,0.0,0.0,0.0,0.0,0.0,0.0,0.0,0.0,0.0,0.0,0.0,0.0,0.0,0.0,1.0
620.0,418.0,360.0,0.0,132.0,0.0,0.0,0.0,0.0,0.0,0.0,0.0,0.0,0.0,0.0,1.0
860.0,748.0,320.0,42.0,110.0,0.0,0.0,0.0,0.0,0.0,33.0,0.0,0.0,0.0,0.0,1.0
610.0,561.235,80.0,0.0,66.0,0.0,48.0,0.0,62.0,0.0,0.0,0.0,0.0,0.0,0.0,1.0
500.0,330.0,360.0,0.0,88.0,0.0,0.0,0.0,0.0,0.0,0.0,80.0,0.0,0.0,0.0,1.0
580.0,220.0,700.0,0.0,66.0,0.0,0.0,0.0,0.0,0.0,0.0,0.0,0.0,0.0,0.0,1.0
920.0,627.0,520.0,0.0,154.0,0.0,48.0,0.0,0.0,0.0,0.0,0.0,0.0,0.0,0.0,1.0
0.0,0.0,0.0,0.0,0.0,0.0,0.0,0.0,0.0,0.0,0.0,0.0,0.0,0.0,0.0,1.0
740.0,583.0,320.0,0.0,88.0,0.0,72.0,0.0,0.0,0.0,0.0,0.0,0.0,0.0,0.0,1.0
900.0,715.0,520.0,0.0,44.0,0.0,72.0,0.0,0.0,0.0,0.0,0.0,0.0,0.0,0.0,1.0
710.0,528.0,340.0,0.0,88.0,0.0,48.0,0.0,0.0,0.0,0.0,0.0,0.0,0.0,0.0,1.0
580.0,407.0,360.0,0.0,66.0,0.0,48.0,0.0,0.0,0.0,0.0,0.0,0.0,0.0,0.0,1.0
520.0,286.0,320.0,0.0,154.0,0.0,24.0,0.0,186.0,0.0,66.0,0.0,0.0,0.0,0.0,1.0
320.0,0.0,500.0,0.0,176.0,0.0,48.0,0.0,62.0,0.0,66.0,0.0,0.0,42.0,0.0,1.0
240.0,110.0,380.0,0.0,110.0,0.0,0.0,0.0,0.0,0.0,0.0,0.0,0.0,0.0,0.0,1.0
190.0,77.895004,240.0,0.0,88.0,0.0,0.0,0.0,155.0,0.0,0.0,0.0,0.0,0.0,0.0,1.0
560.0,286.0,460.0,0.0,44.0,0.0,96.0,0.0,217.0,0.0,66.0,0.0,0.0,0.0,0.0,1.0
0.0,0.0,0.0,0.0,0.0,0.0,0.0,0.0,0.0,0.0,0.0,0.0,0.0,0.0,0.0,1.0
700.0,550.0,360.0,0.0,44.0,0.0,0.0,0.0,0.0,0.0,0.0,0.0,0.0,0.0,0.0,1.0
0.0,0.0,0.0,0.0,0.0,0.0,0.0,0.0,0.0,0.0,0.0,0.0,0.0,0.0,0.0,1.0
0.0,0.0,0.0,0.0,0.0,0.0,0.0,0.0,0.0,0.0,0.0,0.0,0.0,0.0,0.0,1.0
0.0,0.0,0.0,0.0,0.0,0.0,0.0,0.0,0.0,0.0,0.0,0.0,0.0,0.0,0.0,1.0
0.0,0.0,0.0,0.0,0.0,0.0,0.0,0.0,0.0,0.0,0.0,0.0,0.0,0.0,0.0,1.0
480.0,308.0,140.0,0.0,66.0,0.0,48.0,0.0,186.0,0.0,132.0,0.0,0.0,0.0,0.0,1.0
0.0,0.0,0.0,0.0,0.0,0.0,0.0,0.0,0.0,0.0,0.0,0.0,0.0,0.0,0.0,1.0
790.0,594.0,360.0,0.0,110.0,0.0,96.0,0.0,62.0,0.0,0.0,0.0,0.0,0.0,0.0,1.0
670.0,407.0,400.0,0.0,88.0,0.0,96.0,0.0,0.0,0.0,66.0,0.0,0.0,0.0,0.0,1.0
620.0,363.0,540.0,0.0,88.0,0.0,0.0,0.0,0.0,0.0,0.0,0.0,0.0,0.0,0.0,1.0
710.0,451.0,520.0,0.0,132.0,0.0,96.0,0.0,124.0,0.0,66.0,0.0,0.0,0.0,0.0,1.0
1030.0,649.0,900.0,0.0,66.0,0.0,0.0,0.0,0.0,0.0,0.0,0.0,0.0,0.0,0.0,1.0
840.0,682.0,320.0,0.0,44.0,0.0,144.0,0.0,0.0,0.0,66.0,0.0,0.0,0.0,0.0,1.0
0.0,0.0,0.0,0.0,0.0,0.0,0.0,0.0,0.0,0.0,0.0,0.0,0.0,0.0,0.0,1.0
700.0,374.0,740.0,0.0,66.0,0.0,0.0,0.0,0.0,0.0,0.0,0.0,0.0,0.0,0.0,1.0
0.0,0.0,0.0,0.0,0.0,0.0,0.0,0.0,0.0,0.0,0.0,0.0,0.0,0.0,0.0,1.0
640.0,429.0,380.0,0.0,44.0,0.0,48.0,0.0,62.0,64.0,0.0,0.0,0.0,0.0,0.0,1.0
570.0,396.0,420.0,0.0,66.0,0.0,168.0,0.0,0.0,0.0,66.0,0.0,0.0,0.0,0.0,1.0
260.0,22.0,380.0,0.0,110.0,0.0,0.0,0.0,0.0,0.0,0.0,0.0,0.0,0.0,0.0,1.0
280.0,22.0,400.0,0.0,132.0,0.0,0.0,0.0,0.0,0.0,0.0,0.0,0.0,0.0,0.0,1.0
270.0,44.0,400.0,42.0,154.0,0.0,0.0,0.0,0.0,0.0,0.0,0.0,0.0,0.0,0.0,1.0
410.0,132.0,600.0,0.0,66.0,0.0,48.0,0.0,0.0,0.0,0.0,0.0,0.0,0.0,0.0,1.0
350.0,66.0,460.0,42.0,110.0,69.0,0.0,0.0,62.0,0.0,0.0,0.0,0.0,0.0,0.0,1.0
480.0,363.0,160.0,0.0,66.0,0.0,0.0,0.0,62.0,64.0,0.0,0.0,0.0,0.0,0.0,1.0
0.0,0.0,0.0,0.0,0.0,0.0,0.0,0.0,0.0,0.0,0.0,0.0,0.0,0.0,0.0,1.0
0.0,0.0,0.0,0.0,0.0,0.0,0.0,0.0,0.0,0.0,0.0,0.0,0.0,0.0,0.0,1.0
920.0,825.0,320.0,0.0,66.0,0.0,96.0,0.0,0.0,64.0,66.0,0.0,0.0,0.0,0.0,1.0
440.137,319.0,160.0,0.0,88.0,0.0,0.0,0.0,62.0,0.0,0.0,0.0,0.0,0.0,0.0,1.0
610.0,363.0,440.0,0.0,88.0,0.0,0.0,0.0,124.0,0.0,0.0,0.0,0.0,0.0,0.0,1.0
0.0,0.0,0.0,0.0,0.0,0.0,0.0,0.0,0.0,0.0,0.0,0.0,0.0,0.0,0.0,1.0
380.0,132.0,440.0,0.0,44.0,0.0,0.0,0.0,124.0,0.0,0.0,0.0,0.0,0.0,0.0,1.0
1030.0,781.0,620.0,0.0,110.0,0.0,0.0,0.0,0.0,0.0,0.0,0.0,0.0,0.0,0.0,1.0
850.0,616.0,480.0,0.0,22.0,0.0,192.0,0.0,0.0,0.0,66.0,0.0,0.0,0.0,0.0,1.0
1070.0,715.0,800.0,0.0,88.0,0.0,144.0,0.0,0.0,0.0,66.0,0.0,0.0,0.0,0.0,1.0
860.0,506.0,680.0,0.0,132.0,0.0,0.0,0.0,62.0,0.0,132.0,0.0,0.0,0.0,0.0,1.0
960.0,770.0,440.0,0.0,110.0,0.0,120.0,0.0,0.0,0.0,0.0,0.0,0.0,0.0,0.0,1.0
750.0,462.0,560.0,0.0,66.0,0.0,96.0,0.0,124.0,0.0,132.0,0.0,0.0,0.0,0.0,1.0
320.0,22.0,460.0,0.0,110.0,0.0,0.0,0.0,0.0,0.0,66.0,0.0,0.0,0.0,0.0,1.0
0.0,0.0,0.0,0.0,0.0,0.0,0.0,0.0,0.0,0.0,0.0,0.0,0.0,0.0,0.0,1.0
290.0,22.0,360.0,0.0,198.0,0.0,48.0,0.0,0.0,0.0,0.0,0.0,0.0,0.0,0.0,1.0
490.0,176.0,600.0,0.0,66.0,46.0,48.0,0.0,62.0,0.0,66.0,0.0,0.0,0.0,0.0,1.0
600.0,176.0,900.0,0.0,110.0,0.0,0.0,0.0,124.0,0.0,66.0,0.0,0.0,0.0,0.0,1.0
590.0,440.0,340.0,0.0,88.0,0.0,0.0,0.0,0.0,0.0,0.0,0.0,0.0,0.0,0.0,1.0
0.0,0.0,0.0,0.0,0.0,0.0,0.0,0.0,0.0,0.0,0.0,0.0,0.0,0.0,0.0,1.0
530.0,341.0,320.0,0.0,88.0,0.0,48.0,0.0,62.0,0.0,66.0,0.0,0.0,0.0,0.0,1.0
0.0,0.0,0.0,0.0,0.0,0.0,0.0,0.0,0.0,0.0,0.0,0.0,0.0,0.0,0.0,1.0
0.0,0.0,0.0,0.0,0.0,0.0,0.0,0.0,0.0,0.0,0.0,0.0,0.0,0.0,0.0,1.0
590.0,407.0,360.0,0.0,88.0,0.0,0.0,0.0,0.0,0.0,66.0,0.0,0.0,0.0,0.0,1.0
0.0,0.0,0.0,0.0,0.0,0.0,0.0,0.0,0.0,0.0,0.0,0.0,0.0,0.0,0.0,1.0
0.0,0.0,0.0,0.0,0.0,0.0,0.0,0.0,0.0,0.0,0.0,0.0,0.0,0.0,0.0,1.0
0.0,0.0,0.0,0.0,0.0,0.0,0.0,0.0,0.0,0.0,0.0,0.0,0.0,0.0,0.0,1.0
0.0,0.0,0.0,0.0,0.0,0.0,0.0,0.0,0.0,0.0,0.0,0.0,0.0,0.0,0.0,1.0
0.0,0.0,0.0,0.0,0.0,0.0,0.0,0.0,0.0,0.0,0.0,0.0,0.0,0.0,0.0,1.0
0.0,0.0,0.0,0.0,0.0,0.0,0.0,0.0,0.0,0.0,0.0,0.0,0.0,0.0,0.0,1.0
370.328,165.0,340.0,0.0,44.0,0.0,0.0,0.0,62.0,0.0,0.0,0.0,0.0,0.0,0.0,1.0
0.0,0.0,0.0,0.0,0.0,0.0,0.0,0.0,0.0,0.0,0.0,0.0,0.0,0.0,0.0,1.0
0.0,0.0,0.0,0.0,0.0,0.0,0.0,0.0,0.0,0.0,0.0,0.0,0.0,0.0,0.0,1.0
0.0,0.0,0.0,0.0,0.0,0.0,0.0,0.0,0.0,0.0,0.0,0.0,0.0,0.0,0.0,1.0
480.0,242.0,420.0,0.0,88.0,0.0,0.0,0.0,31.0,0.0,0.0,0.0,0.0,0.0,0.0,1.0
670.0,473.0,400.0,0.0,88.0,0.0,144.0,0.0,0.0,0.0,0.0,0.0,0.0,0.0,0.0,1.0
0.0,0.0,0.0,0.0,0.0,0.0,0.0,0.0,0.0,0.0,0.0,0.0,0.0,0.0,0.0,1.0
0.0,0.0,0.0,0.0,0.0,0.0,0.0,0.0,0.0,0.0,0.0,0.0,0.0,0.0,0.0,1.0
430.0,198.0,440.0,0.0,66.0,0.0,48.0,0.0,0.0,0.0,66.0,0.0,0.0,0.0,0.0,1.0
800.0,539.0,540.0,0.0,88.0,0.0,144.0,0.0,0.0,0.0,66.0,0.0,0.0,0.0,0.0,1.0
0.0,0.0,0.0,0.0,0.0,0.0,0.0,0.0,0.0,0.0,0.0,0.0,0.0,0.0,0.0,1.0
0.0,0.0,0.0,0.0,0.0,0.0,0.0,0.0,0.0,0.0,0.0,0.0,0.0,0.0,0.0,1.0
0.0,0.0,0.0,0.0,0.0,0.0,0.0,0.0,0.0,0.0,0.0,0.0,0.0,0.0,0.0,1.0
0.0,0.0,0.0,0.0,0.0,0.0,0.0,0.0,0.0,0.0,0.0,0.0,0.0,0.0,0.0,1.0
660.0,451.0,400.0,0.0,110.0,0.0,0.0,0.0,0.0,0.0,0.0,0.0,0.0,0.0,0.0,1.0
0.0,0.0,0.0,0.0,0.0,0.0,0.0,0.0,0.0,0.0,0.0,0.0,0.0,0.0,0.0,1.0
780.0,396.0,640.0,0.0,88.0,0.0,144.0,0.0,0.0,0.0,66.0,0.0,0.0,0.0,0.0,1.0
840.0,572.0,560.0,0.0,44.0,0.0,96.0,0.0,62.0,0.0,0.0,0.0,0.0,0.0,0.0,1.0
780.0,517.0,580.0,0.0,88.0,0.0,0.0,0.0,0.0,0.0,0.0,0.0,0.0,0.0,0.0,1.0
240.0,154.0,400.0,0.0,176.0,0.0,0.0,0.0,0.0,0.0,0.0,0.0,0.0,0.0,0.0,1.0
0.0,0.0,0.0,0.0,0.0,0.0,0.0,0.0,0.0,0.0,0.0,0.0,0.0,0.0,0.0,1.0
280.0,88.0,160.0,0.0,198.0,0.0,0.0,0.0,0.0,0.0,0.0,280.0,0.0,0.0,0.0,1.0
0.0,0.0,0.0,0.0,0.0,0.0,0.0,0.0,0.0,0.0,0.0,0.0,0.0,0.0,0.0,1.0
0.0,0.0,0.0,0.0,0.0,0.0,0.0,0.0,0.0,0.0,0.0,0.0,0.0,0.0,0.0,1.0
0.0,0.0,0.0,0.0,0.0,0.0,0.0,0.0,0.0,0.0,0.0,0.0,0.0,0.0,0.0,1.0
0.0,0.0,0.0,0.0,0.0,0.0,0.0,0.0,0.0,0.0,0.0,0.0,0.0,0.0,0.0,1.0
0.0,0.0,0.0,0.0,0.0,0.0,0.0,0.0,0.0,0.0,0.0,0.0,0.0,0.0,0.0,1.0
310.431,154.0,260.0,0.0,110.0,0.0,0.0,0.0,0.0,0.0,0.0,0.0,0.0,0.0,0.0,1.0
460.0,297.0,380.0,0.0,66.0,23.0,0.0,0.0,0.0,0.0,0.0,0.0,0.0,0.0,0.0,1.0
790.0,418.0,640.0,0.0,110.0,0.0,48.0,0.0,62.0,0.0,66.0,0.0,0.0,0.0,0.0,1.0
540.0,297.0,360.0,0.0,110.0,0.0,48.0,0.0,62.0,0.0,66.0,0.0,0.0,0.0,0.0,1.0
1140.0,913.0,760.0,0.0,66.0,0.0,96.0,0.0,0.0,0.0,0.0,0.0,0.0,0.0,0.0,1.0
910.0,825.0,320.0,0.0,44.0,0.0,48.0,0.0,0.0,0.0,0.0,0.0,0.0,0.0,0.0,1.0
650.0,396.0,440.0,0.0,66.0,0.0,144.0,0.0,62.0,0.0,0.0,0.0,0.0,0.0,0.0,1.0
0.0,0.0,0.0,0.0,0.0,0.0,0.0,0.0,0.0,0.0,0.0,0.0,0.0,0.0,0.0,1.0
320.0,44.0,440.0,0.0,88.0,0.0,0.0,0.0,186.0,0.0,132.0,0.0,0.0,0.0,0.0,1.0
0.0,0.0,0.0,0.0,0.0,0.0,0.0,0.0,0.0,0.0,0.0,0.0,0.0,0.0,0.0,1.0
280.0,22.0,440.0,0.0,132.0,0.0,0.0,0.0,0.0,0.0,66.0,0.0,0.0,0.0,0.0,1.0
390.0,66.0,560.0,0.0,66.0,23.0,0.0,0.0,62.0,0.0,33.0,0.0,0.0,0.0,0.0,1.0
430.0,297.0,240.0,0.0,44.0,0.0,0.0,0.0,0.0,64.0,0.0,0.0,0.0,0.0,0.0,1.0
0.0,0.0,0.0,0.0,0.0,0.0,0.0,0.0,0.0,0.0,0.0,0.0,0.0,0.0,0.0,1.0
570.0,440.0,240.0,0.0,110.0,0.0,0.0,0.0,0.0,0.0,66.0,0.0,0.0,0.0,0.0,1.0
340.0,132.0,320.0,0.0,44.0,0.0,48.0,0.0,0.0,0.0,132.0,0.0,0.0,0.0,0.0,1.0
460.0,154.0,440.0,42.0,88.0,0.0,0.0,0.0,0.0,0.0,0.0,160.0,0.0,0.0,0.0,1.0
560.0,165.0,740.0,0.0,44.0,0.0,0.0,0.0,0.0,0.0,66.0,0.0,0.0,0.0,0.0,1.0
0.0,0.0,0.0,0.0,0.0,0.0,0.0,0.0,0.0,0.0,0.0,0.0,0.0,0.0,0.0,1.0
0.0,0.0,0.0,0.0,0.0,0.0,0.0,0.0,0.0,0.0,0.0,0.0,0.0,0.0,0.0,1.0
0.0,0.0,0.0,0.0,0.0,0.0,0.0,0.0,0.0,0.0,0.0,0.0,0.0,0.0,0.0,1.0
820.0,660.0,500.0,0.0,88.0,0.0,0.0,0.0,31.0,0.0,0.0,0.0,0.0,0.0,0.0,1.0
700.0,572.0,280.0,0.0,88.0,0.0,0.0,0.0,62.0,0.0,66.0,0.0,0.0,0.0,0.0,1.0
560.0,374.0,200.0,0.0,66.0,0.0,120.0,0.0,62.0,0.0,66.0,0.0,0.0,0.0,0.0,1.0
570.0,0.0,920.0,0.0,198.0,0.0,48.0,0.0,0.0,0.0,66.0,0.0,0.0,0.0,0.0,1.0
350.0,88.770004,580.0,0.0,66.0,0.0,0.0,0.0,0.0,0.0,0.0,0.0,0.0,0.0,0.0,1.0
380.0,132.0,460.0,0.0,132.0,23.0,48.0,0.0,0.0,0.0,66.0,0.0,0.0,0.0,0.0,1.0
0.0,0.0,0.0,0.0,0.0,0.0,0.0,0.0,0.0,0.0,0.0,0.0,0.0,0.0,0.0,1.0
490.0,231.0,480.0,0.0,44.0,0.0,0.0,0.0,62.0,0.0,0.0,0.0,0.0,0.0,0.0,1.0
430.0,198.0,400.0,0.0,66.0,0.0,48.0,0.0,0.0,0.0,66.0,0.0,0.0,0.0,0.0,1.0
930.0,814.0,320.0,0.0,66.0,0.0,0.0,0.0,0.0,0.0,0.0,0.0,0.0,0.0,0.0,1.0
620.0,374.0,400.0,42.0,88.0,0.0,0.0,0.0,0.0,0.0,66.0,0.0,0.0,0.0,0.0,1.0
600.0,341.0,440.0,0.0,154.0,0.0,0.0,0.0,0.0,0.0,0.0,0.0,0.0,0.0,0.0,1.0
470.0,209.0,320.0,0.0,66.0,0.0,72.0,0.0,0.0,0.0,132.0,240.0,0.0,0.0,0.0,1.0
640.0,385.0,480.0,0.0,110.0,0.0,0.0,0.0,62.0,0.0,0.0,0.0,0.0,0.0,0.0,1.0
470.0,231.08499,480.0,0.0,22.0,0.0,48.0,0.0,0.0,0.0,0.0,0.0,0.0,0.0,0.0,1.0
470.0,242.0,400.0,0.0,88.0,0.0,0.0,0.0,0.0,0.0,33.0,0.0,0.0,0.0,0.0,1.0
750.0,462.0,540.0,42.0,132.0,0.0,48.0,0.0,0.0,0.0,66.0,0.0,0.0,0.0,0.0,1.0
660.0,418.0,400.0,0.0,66.0,0.0,120.0,0.0,0.0,0.0,0.0,0.0,0.0,0.0,0.0,1.0
440.0,220.0,280.0,0.0,132.0,0.0,144.0,0.0,0.0,0.0,66.0,0.0,0.0,0.0,0.0,1.0
0.0,0.0,0.0,0.0,0.0,0.0,0.0,0.0,0.0,0.0,0.0,0.0,0.0,0.0,0.0,1.0
430.0,176.0,340.0,0.0,88.0,0.0,48.0,0.0,62.0,0.0,66.0,0.0,0.0,0.0,0.0,1.0
0.0,0.0,0.0,0.0,0.0,0.0,0.0,0.0,0.0,0.0,0.0,0.0,0.0,0.0,0.0,1.0
260.0,22.0,400.0,0.0,176.0,0.0,0.0,0.0,0.0,0.0,66.0,0.0,0.0,0.0,0.0,1.0
0.0,0.0,0.0,0.0,0.0,0.0,0.0,0.0,0.0,0.0,0.0,0.0,0.0,0.0,0.0,1.0
310.0,132.0,300.0,0.0,220.0,46.0,0.0,0.0,0.0,0.0,0.0,0.0,0.0,0.0,0.0,1.0
100.0,33.947998,120.0,0.0,44.0,23.0,0.0,0.0,124.0,0.0,33.0,0.0,0.0,0.0,0.0,1.0
0.0,0.0,0.0,0.0,0.0,0.0,0.0,0.0,0.0,0.0,0.0,0.0,0.0,0.0,0.0,1.0
0.0,0.0,0.0,0.0,0.0,0.0,0.0,0.0,0.0,0.0,0.0,0.0,0.0,0.0,0.0,1.0
0.0,0.0,0.0,0.0,0.0,0.0,0.0,0.0,0.0,0.0,0.0,0.0,0.0,0.0,0.0,1.0
0.0,0.0,0.0,0.0,0.0,0.0,0.0,0.0,0.0,0.0,0.0,0.0,0.0,0.0,0.0,1.0
0.0,0.0,0.0,0.0,0.0,0.0,0.0,0.0,0.0,0.0,0.0,0.0,0.0,0.0,0.0,1.0
0.0,0.0,0.0,0.0,0.0,0.0,0.0,0.0,0.0,0.0,0.0,0.0,0.0,0.0,0.0,1.0
0.0,0.0,0.0,0.0,0.0,0.0,0.0,0.0,0.0,0.0,0.0,0.0,0.0,0.0,0.0,1.0
0.0,0.0,0.0,0.0,0.0,0.0,0.0,0.0,0.0,0.0,0.0,0.0,0.0,0.0,0.0,1.0
990.11,902.0,240.0,0.0,88.0,0.0,48.0,0.0,0.0,0.0,66.0,0.0,0.0,0.0,0.0,1.0
790.0,616.0,360.0,0.0,66.0,0.0,96.0,0.0,62.0,0.0,132.0,0.0,0.0,0.0,0.0,1.0
0.0,0.0,0.0,0.0,0.0,0.0,0.0,0.0,0.0,0.0,0.0,0.0,0.0,0.0,0.0,1.0
660.505,495.0,360.0,0.0,44.0,0.0,0.0,0.0,0.0,0.0,66.0,0.0,0.0,0.0,0.0,1.0
530.0,341.0,360.0,0.0,88.0,0.0,48.0,0.0,0.0,0.0,0.0,80.0,0.0,0.0,0.0,1.0
0.0,0.0,0.0,0.0,0.0,0.0,0.0,0.0,0.0,0.0,0.0,0.0,0.0,0.0,0.0,1.0
440.0,220.0,360.0,0.0,110.0,0.0,0.0,0.0,31.0,0.0,66.0,0.0,0.0,0.0,0.0,1.0
0.0,0.0,0.0,0.0,0.0,0.0,0.0,0.0,0.0,0.0,0.0,0.0,0.0,0.0,0.0,1.0
700.0,374.0,640.0,0.0,44.0,0.0,48.0,0.0,0.0,0.0,0.0,0.0,0.0,0.0,0.0,1.0
380.0,220.0,320.0,0.0,66.0,0.0,24.0,0.0,0.0,0.0,0.0,0.0,0.0,0.0,0.0,1.0
410.0,253.0,320.0,0.0,44.0,0.0,0.0,0.0,0.0,0.0,0.0,0.0,0.0,0.0,0.0,1.0
0.0,0.0,0.0,0.0,0.0,0.0,0.0,0.0,0.0,0.0,0.0,0.0,0.0,0.0,0.0,1.0
830.0,407.0,880.0,0.0,88.0,0.0,0.0,0.0,0.0,0.0,0.0,0.0,0.0,0.0,0.0,1.0
370.0,264.0,200.0,0.0,22.0,0.0,48.0,0.0,62.0,0.0,0.0,80.0,0.0,0.0,0.0,1.0
740.0,396.0,680.0,0.0,88.0,0.0,0.0,0.0,62.0,0.0,0.0,80.0,0.0,0.0,0.0,1.0
0.0,0.0,0.0,0.0,0.0,0.0,0.0,0.0,0.0,0.0,0.0,0.0,0.0,0.0,0.0,1.0
0.0,0.0,0.0,0.0,0.0,0.0,0.0,0.0,0.0,0.0,0.0,0.0,0.0,0.0,0.0,1.0
580.0,363.0,440.0,0.0,66.0,0.0,48.0,0.0,0.0,0.0,0.0,0.0,0.0,0.0,0.0,1.0
610.0,462.0,240.0,0.0,44.0,0.0,120.0,0.0,62.0,64.0,66.0,0.0,0.0,0.0,0.0,1.0
670.0,528.0,320.0,0.0,66.0,0.0,96.0,0.0,0.0,0.0,66.0,0.0,0.0,0.0,0.0,1.0
0.0,0.0,0.0,0.0,0.0,0.0,0.0,0.0,0.0,0.0,0.0,0.0,0.0,0.0,0.0,1.0
620.0,396.0,440.0,0.0,88.0,0.0,96.0,0.0,0.0,0.0,66.0,0.0,0.0,0.0,0.0,1.0
260.0,22.0,460.0,0.0,110.0,0.0,0.0,0.0,0.0,0.0,0.0,0.0,0.0,0.0,0.0,1.0
240.0,11.0,220.0,42.0,176.0,0.0,0.0,0.0,0.0,0.0,66.0,0.0,0.0,84.0,0.0,1.0
0.0,0.0,0.0,0.0,0.0,0.0,0.0,0.0,0.0,0.0,0.0,0.0,0.0,0.0,0.0,1.0
660.0,605.0,200.0,0.0,22.0,0.0,0.0,0.0,0.0,0.0,0.0,0.0,0.0,0.0,0.0,1.0
0.0,0.0,0.0,0.0,0.0,0.0,0.0,0.0,0.0,0.0,0.0,0.0,0.0,0.0,0.0,1.0
700.0,550.0,320.0,0.0,88.0,0.0,0.0,0.0,0.0,0.0,66.0,0.0,0.0,0.0,0.0,1.0
640.0,385.0,480.0,0.0,66.0,0.0,48.0,0.0,62.0,0.0,0.0,0.0,0.0,0.0,0.0,1.0
430.0,209.0,400.0,0.0,88.0,0.0,0.0,0.0,0.0,0.0,0.0,0.0,0.0,0.0,0.0,1.0
0.0,0.0,0.0,0.0,0.0,0.0,0.0,0.0,0.0,0.0,0.0,0.0,0.0,0.0,0.0,1.0
0.0,0.0,0.0,0.0,0.0,0.0,0.0,0.0,0.0,0.0,0.0,0.0,0.0,0.0,0.0,1.0
590.0,319.0,540.0,0.0,22.0,0.0,0.0,0.0,62.0,0.0,0.0,0.0,0.0,0.0,0.0,1.0
800.0,594.0,480.0,0.0,44.0,0.0,0.0,0.0,0.0,0.0,0.0,0.0,0.0,0.0,0.0,1.0
310.0,44.0,320.0,0.0,154.0,0.0,48.0,0.0,0.0,0.0,0.0,80.0,0.0,0.0,0.0,1.0
0.0,0.0,0.0,0.0,0.0,0.0,0.0,0.0,0.0,0.0,0.0,0.0,0.0,0.0,0.0,1.0
260.0,0.0,360.0,0.0,154.0,23.0,0.0,0.0,0.0,0.0,0.0,0.0,0.0,0.0,0.0,1.0
340.0,77.0,480.0,0.0,110.0,0.0,0.0,0.0,0.0,0.0,0.0,0.0,0.0,0.0,0.0,1.0
0.0,0.0,0.0,0.0,0.0,0.0,0.0,0.0,0.0,0.0,0.0,0.0,0.0,0.0,0.0,1.0
0.0,0.0,0.0,0.0,0.0,0.0,0.0,0.0,0.0,0.0,0.0,0.0,0.0,0.0,0.0,1.0
580.0,418.0,240.0,0.0,88.0,0.0,48.0,0.0,0.0,0.0,132.0,0.0,0.0,0.0,0.0,1.0
0.0,0.0,0.0,0.0,0.0,0.0,0.0,0.0,0.0,0.0,0.0,0.0,0.0,0.0,0.0,1.0
830.0,638.0,460.0,0.0,88.0,0.0,0.0,0.0,186.0,0.0,0.0,0.0,0.0,0.0,0.0,1.0
340.0,132.0,320.0,0.0,66.0,0.0,0.0,0.0,62.0,0.0,0.0,40.0,0.0,0.0,0.0,1.0
530.0,385.0,320.0,0.0,44.0,0.0,48.0,0.0,62.0,0.0,0.0,0.0,0.0,0.0,0.0,1.0
770.0,627.0,240.0,0.0,88.0,0.0,144.0,0.0,0.0,0.0,0.0,0.0,0.0,0.0,0.0,1.0
0.0,0.0,0.0,0.0,0.0,0.0,0.0,0.0,0.0,0.0,0.0,0.0,0.0,0.0,0.0,1.0
280.0,55.263,380.0,0.0,110.0,0.0,0.0,0.0,62.0,0.0,0.0,0.0,0.0,0.0,0.0,1.0
0.0,0.0,0.0,0.0,0.0,0.0,0.0,0.0,0.0,0.0,0.0,0.0,0.0,0.0,0.0,1.0
190.0,11.0,160.0,42.0,132.0,0.0,0.0,0.0,62.0,0.0,0.0,160.0,0.0,0.0,0.0,1.0
0.0,0.0,0.0,0.0,0.0,0.0,0.0,0.0,0.0,0.0,0.0,0.0,0.0,0.0,0.0,1.0
0.0,0.0,0.0,0.0,0.0,0.0,0.0,0.0,0.0,0.0,0.0,0.0,0.0,0.0,0.0,1.0
530.0,242.0,620.0,0.0,88.0,0.0,0.0,0.0,62.0,0.0,66.0,0.0,0.0,0.0,0.0,1.0
330.0,154.0,340.0,0.0,88.0,0.0,0.0,0.0,0.0,0.0,0.0,0.0,0.0,0.0,0.0,1.0
540.0,385.0,320.0,0.0,66.0,0.0,0.0,0.0,0.0,0.0,0.0,0.0,0.0,0.0,0.0,1.0
840.0,660.0,360.0,0.0,88.0,0.0,0.0,0.0,62.0,0.0,66.0,0.0,0.0,0.0,0.0,1.0
550.0,352.0,400.0,0.0,66.0,0.0,0.0,0.0,0.0,0.0,0.0,0.0,0.0,0.0,0.0,1.0
490.0,319.0,340.0,0.0,22.0,0.0,0.0,0.0,62.0,0.0,0.0,0.0,0.0,0.0,0.0,1.0
330.0,143.0,320.0,0.0,44.0,0.0,48.0,0.0,62.0,0.0,66.0,0.0,0.0,0.0,0.0,1.0
590.0,264.0,640.0,0.0,88.0,0.0,48.0,0.0,0.0,0.0,33.0,0.0,0.0,0.0,0.0,1.0
0.0,0.0,0.0,0.0,0.0,0.0,0.0,0.0,0.0,0.0,0.0,0.0,0.0,0.0,0.0,1.0
570.0,352.0,360.0,0.0,88.0,0.0,48.0,0.0,93.0,0.0,0.0,0.0,0.0,0.0,0.0,1.0
0.0,0.0,0.0,0.0,0.0,0.0,0.0,0.0,0.0,0.0,0.0,0.0,0.0,0.0,0.0,1.0
0.0,0.0,0.0,0.0,0.0,0.0,0.0,0.0,0.0,0.0,0.0,0.0,0.0,0.0,0.0,1.0
0.0,0.0,0.0,0.0,0.0,0.0,0.0,0.0,0.0,0.0,0.0,0.0,0.0,0.0,0.0,1.0
0.0,0.0,0.0,0.0,0.0,0.0,0.0,0.0,0.0,0.0,0.0,0.0,0.0,0.0,0.0,1.0
0.0,0.0,0.0,0.0,0.0,0.0,0.0,0.0,0.0,0.0,0.0,0.0,0.0,0.0,0.0,1.0
0.0,0.0,0.0,0.0,0.0,0.0,0.0,0.0,0.0,0.0,0.0,0.0,0.0,0.0,0.0,1.0
0.0,0.0,0.0,0.0,0.0,0.0,0.0,0.0,0.0,0.0,0.0,0.0,0.0,0.0,0.0,1.0
0.0,0.0,0.0,0.0,0.0,0.0,0.0,0.0,0.0,0.0,0.0,0.0,0.0,0.0,0.0,1.0
690.0,440.0,400.0,0.0,66.0,0.0,96.0,0.0,62.0,0.0,66.0,0.0,0.0,0.0,0.0,1.0
0.0,0.0,0.0,0.0,0.0,0.0,0.0,0.0,0.0,0.0,0.0,0.0,0.0,0.0,0.0,1.0
0.0,0.0,0.0,0.0,0.0,0.0,0.0,0.0,0.0,0.0,0.0,0.0,0.0,0.0,0.0,1.0
600.0,198.0,760.0,0.0,88.0,0.0,48.0,0.0,124.0,0.0,66.0,0.0,0.0,0.0,0.0,1.0
800.0,528.0,640.0,0.0,132.0,0.0,96.0,0.0,62.0,0.0,0.0,0.0,0.0,0.0,0.0,1.0
0.0,0.0,0.0,0.0,0.0,0.0,0.0,0.0,0.0,0.0,0.0,0.0,0.0,0.0,0.0,1.0
0.0,0.0,0.0,0.0,0.0,0.0,0.0,0.0,0.0,0.0,0.0,0.0,0.0,0.0,0.0,1.0
690.0,242.0,720.0,0.0,88.0,0.0,216.0,0.0,0.0,0.0,66.0,0.0,0.0,0.0,0.0,1.0
630.0,495.0,280.0,42.0,88.0,0.0,0.0,0.0,0.0,0.0,0.0,0.0,0.0,0.0,0.0,1.0
360.0,0.0,520.0,84.0,132.0,0.0,0.0,0.0,0.0,0.0,0.0,0.0,0.0,0.0,0.0,1.0
400.0,22.0,520.0,42.0,220.0,0.0,48.0,0.0,0.0,0.0,66.0,0.0,0.0,0.0,0.0,1.0
380.0,187.0,340.0,0.0,88.0,0.0,48.0,0.0,62.0,0.0,66.0,0.0,0.0,0.0,0.0,1.0
1230.0,1045.0,520.0,0.0,88.0,0.0,0.0,0.0,0.0,0.0,0.0,0.0,0.0,0.0,0.0,1.0
350.0,143.0,360.0,0.0,88.0,0.0,0.0,0.0,0.0,0.0,0.0,0.0,0.0,0.0,0.0,1.0
0.0,0.0,0.0,0.0,0.0,0.0,0.0,0.0,0.0,0.0,0.0,0.0,0.0,0.0,0.0,1.0
0.0,0.0,0.0,0.0,0.0,0.0,0.0,0.0,0.0,0.0,0.0,0.0,0.0,0.0,0.0,1.0
1170.0,902.0,640.0,0.0,66.0,0.0,0.0,0.0,0.0,0.0,0.0,0.0,0.0,0.0,0.0,1.0
590.0,352.0,440.0,0.0,110.0,0.0,144.0,0.0,0.0,0.0,0.0,0.0,0.0,0.0,0.0,1.0
440.0,220.0,420.0,0.0,66.0,0.0,0.0,0.0,0.0,0.0,0.0,0.0,0.0,0.0,0.0,1.0
